page,rank,product_name,price,listed_at,country,shop,shop_total_sales,category,commission,sales_period,sales_growth,gmv_period,total_sales,total_gmv
1,,Elegant Silver Snake Chain Necklace – Timeless Style for Every Occasion Summervibes,$9.49,,美国,SunnySide Studio,37.28万,项链,11%,1.86万,-5.06%,$19.58万,10.32万,$115.82万
1,,Anxiety Rings for Women and Men Titanium Steel Spinner Fidget Band Rings with Cubic Zirconia for Stress Relief and Wedding Promise Comfort Fit Size 5 to 12,$9.30,,美国,Senpeo,13.04万,戒指,10%,1.70万,135.27%,$17.85万,6.96万,$73.10万
1,,"Fashion Geometric Double-Beam Sunglasses - 2026 Fall/Summer Trend, High-Quality Lightweight Durable Metal-Framed Sunglasses, Funky Fashionable Frames Men's Accessory, Boyfriend Birthday Gift, Gifts for Boyfriend, Lightweight Durable Sunglasses, High Quali",$13.00 - 33.00,,美国,Zen Zest,19.57万,镜框与镜片,10%,1.30万,-29.94%,$18.35万,16.12万,$211.50万
1,4,〖Summer Vibes〗3 PCS Retro Oval Sunglasses for Women Chic Cat Eye 90s Sunnies Lightweight Narrow Shades Trendy UV Protection Sunglasses Vintage Rich Girl Sunglasses Women Sunglasseswomen,$11.90,,美国,TS Fashion Boutique,10.70万,太阳镜,15%,1.25万,15.29%,$16.89万,6.26万,$84.41万
1,5,"Kimorn Fashion Glasses for Women, High Quality Lightweight Square Frames with Blue Light Blocking & UV400 Protection, Gifts for Women, High Quality Eyewear, Accessories For Women",$16.99 - 23.99,,美国,AE Glasses,14.02万,镜框与镜片,15%,1.12万,97.59%,$17.20万,4.25万,$58.74万
1,6,"Women's Elegant Chic Geometric Print Robe Set, Casual Fitted Long Dress & Scarf, Beach Resort Wear Sun Protection Satin Matching Set Shawl",$8.60 - 8.80,,美国,kkher,9.91万,围巾&围脖,8%,1.03万,7622.39%,$8.91万,3.03万,$34.63万
1,7,Summervibes Dreamlover Brown Black Wig Grip Band 2pcs for Women Adjustable Headband for Keeping Wigs in Place Non Slip Comfortable Breathable Hair Styling Tool,$10.00,,美国,Dreamlover Online,11.71万,接发与假发配件,10%,1.03万,2141.52%,$13.07万,4.97万,$58.88万
1,8,FREEKISS Chunky Cuban Link Chain Anklet for Women Waterproof Anklet Adjustable Length 8.5+2 Inch Fashion Chic Accessories Stackable Anklet Trendy Layered Anklet Set Jewelry Gift Suitable for Summer Beach Vacations backtoschool,$10.99 - 12.99,,美国,FREEKISS OFFICIAL,12.18万,脚链,13%,9824,-36.59%,$12.94万,7.44万,$98.99万
1,9,"Women's Fashion Floral Print Shawl, Breathable Beach Cover-Up, Geometric Pattern, All-Season Fitted Wrap, Summer Essential",$5.60,,美国,kkher,9.91万,围巾&围脖,8%,9211,42.98%,$5.89万,2.09万,$14.43万
1,10,"EUNOIALENS Rimless High Quality Eyewear, Frameless Glasses with Diamond-Cut Edges, Stainless Steel Fashion Temple Decor, Unisex Adults' Accessories for Daily Use, Mens Gifts. summerwins,summerwins, Father's Day Gifts,summer outifit,travel essentials",$10.90 - 12.90,,美国,DS high quality goods,34.84万,镜框与镜片,15%,9091,48.86%,$10.92万,9.34万,$119.16万
2,41,YADOCA 14K Plated Gold Filled Ring Initial Ring Dainty Simple Letter Band Rings Signet Stackable Pinky Alphabet Thin Thumb Rings for Women Non Tarnish Size 6 7 8 9 10,$15.50,,美国,YADOCA JEWELRY,2.59万,戒指,12%,5306,772.7%,$9.06万,1.03万,$17.45万
2,42,"Geometric Acrylic Beaded Choker Necklace, Boho Style Heart Pendant, Lockbone Chain for Women, Summer Beach Wear",$4.76 - 4.93,,美国,Sophisticated Chains,9710,项链,8%,5236,271.61%,$4.18万,6791,$5.11万
2,43,[KooKaStyle] Clip in Long Wavy Synthetic Hair Extension 24 Inch Pearl Blonde 4PCS Thick Hairpieces Fiber Double Weft Hair for Women 613,$15.99 - 25.99,,美国,kookastyle hair extensions,24.09万,化纤接发&发片,5%,5218,3101.23%,$9.32万,7697,$14.76万
2,44,"EunoiaLens Unisex Oval Non-Prescription Glasses 2-Pack - Black & Clear Full Rim Minimalist Chic Frames, Stainless Steel, Oval Shape Flatters Face, Shared Style Fit, Classic Fashion Accessory, Summer Outfit Travel Essential Gift Set",$10.60 - 13.50,,美国,DS high quality goods,34.84万,镜框与镜片,15%,5155,65.76%,$6.47万,1.83万,$23.62万
2,45,Dearmay Gold Initial Anklets for Women 14K Gold Plated Ankle Bracelet with Letter Pendant Waterproof Adjustable Anklet Set Stackable Personalized Jewelry Summer Beach Accessories Gift for Girls,$11.99,,美国,Dearmay,10.96万,脚链,12%,5064,-2.05%,$6.53万,1.29万,$16.96万
2,46,#350 Ginger 13x6 Lace Front Wigs Ginger Orange Body Wave HD Lace Wig Straight Human Hair Wigs With Natural Hairline,$19.99,,美国,Cute Bein Hair Shop,33.41万,接发与假发配件,1%,4941,361.78%,$10.74万,2.18万,$48.65万
2,47,20G(0.8mm)/18G(1.0mm) 8mm Horseshoe Nose Hoop Internally Threaded Gems Nose Ring with Free Ball Holder | Caution: Avoid Overtightening; Pre-Tighten with Provided Tool then Complete Tightening by Hand,$8.00 - 15.00,,美国,Neeyer Beauty USA,16.85万,身体饰品,10%,4939,27.52%,$5.21万,9.36万,$133.50万
2,48,"Glitter Sand Dumpling Keychain, Whimsical Kawaii Steamed Bun Bag Charm for Backpack Purse, Girly Feminine Items Keychains for Women, Mini Gifts for Girls, Bag Charms For Purse, Whimsy, Teenage Girls Gifts",$3.00,,美国,Gubercen,46.19万,钥匙扣,14%,4932,168.48%,$1.48万,6770,$2.07万
2,49,"Creative Slogan Metal Keychain, Stainless Steel Key Ring with Long Bar Pendant for Car Keys, Cute Fashion Accessory for Men and Women, Perfect Valentine's Day Gift and Keychain for Bags",$10.99,,美国,Koeyra,25.56万,钥匙扣,5%,4920,115.98%,$4.97万,9386,$9.12万
2,50,"32 Inch Super Long Glueless Headband Half Wig for Women, Daily Wear Wig, Synthetic Wigs, Synthetic Straight Hair, Heat Resistant Fiber, Suitable for Daily & Party Use",$27.80,,美国,Fancee Hair,3.06万,化纤全机制头套,8%,4912,80.65%,$11.13万,9942,$20.58万
3,61,【FitOver Sunglasses】SIPHEW Mirrored Sunglasses Polarized Fit Over Glasses for Women Men for Driving - Trendy Large Square Oversized UV400 Protection Sun Glasses,$14.00,,美国,Global EyeWear Selection,16.28万,太阳镜,15%,4453,-30.56%,$7.48万,4.28万,$67.02万
3,62,Zlzlblbl Hairline Brush for Human Hair Wigs Edge Control & Teasing Comb for Women's Styling(Random Color),$19.99,,美国,Zlzlblbl Hair Factory Store,11.86万,发饰套装,1%,4431,110.1%,$9.54万,1.46万,$30.73万
3,63,Zlzlblbl Hair Elastic Band for Human Hair Wig Edge(Random Color),$19.99,,美国,Zlzlblbl Hair Factory Store,11.86万,头绳,1%,4431,31.95%,$9.67万,1.47万,$30.88万
3,64,Zlzlblbl Natural Thick False Eyelashes For Women Randomly Send Out One,$19.99,,美国,Zlzlblbl Hair Factory Store,11.86万,头绳,1%,4431,110.5%,$9.57万,1.46万,$30.55万
3,65,Zlzlblbl Wig Cap for Women HD Lace Front Wigs 2 Pieces,$19.99,,美国,Zlzlblbl Hair Factory Store,11.86万,接发与假发配件,1%,4431,142.26%,$9.70万,1.48万,$30.92万
3,66,Zlzlblbl 1 Piece Silk Satin Hair Ties Ponytail Holder For Women Randomly Send Out One,$19.99,,美国,Zlzlblbl Hair Factory Store,11.86万,头绳,1%,4431,31.95%,$9.73万,1.47万,$30.98万
3,67,"HAILTH Pro Elastic No Buckle Invisible Belt for Men and Women(2 Pack) - Multiple Color & Fit Options, Patented Buckle-Free Design, Gift Box Included - for Summer Vibes, Outdoor Fun,summerwins tiktokshopbacktoschool",$9.60 - 23.99,,美国,HAILTH,9.32万,皮带,12%,4428,-9.89%,$5.59万,8.67万,$111.75万
3,68,"QVR 1Pcs Latch Hook Tool, Latch Hook Crochet Needle for Micro Braids, Hair Extension, Feather and Carpet",$35.00,,美国,qvr hair,10.94万,真人发接发&发片,3%,4416,820%,$16.99万,3.12万,$98.63万
3,69,Heather Gray Set & Flow Active Curling Headband – Kitsch Heatless Hair Curler for Soft Waves & Curls,$20.60,,美国,Kitsch,195.83万,卷发器,17%,4382,-5.64%,$12.57万,1.18万,$32.48万
3,70,"Vibrant Beach Shawl, Loose Fit, Sun Protection, Casual Style, Perfect for Vacation & Daily Wear, Embrace Summer Comfort, Beach Coverups",$9.87,,美国,IROJEFF Shop,18.79万,围巾&围脖,8%,4371,5728%,$4.99万,4601,$5.26万
4,81,"100pcs Ultimate Hair Tie Set, Super Elastic Ponytail Holders, Soft Rubber Hair Bands, Fun Fashion Accessories for Women, Perfect Gift, Fashionable Hair Accessories, Elastic Hair Ties",$1.83,,美国,NanliAccessory,2.09万,头绳,8%,4050,-0.32%,$7832.8,8852,$1.76万
4,82,Frodio Veralux™ Blend Human Hair Shaggy Waves 3-in-1 Half Wig#SohoChic,$53.10,,美国,FRODIO,79.69万,真人发前蕾丝头套,5%,4027,-18.78%,$21.74万,5.03万,$291.08万
4,83,"Hair Turban, 3-Piece Plain Microfiber Super Absorbent Towel for Women, Extra Soft Fast Dry Cap for Shiny Hair, Absorbent Quick Dry, Female, Three Pieces",$7.99 - 12.40,,美国,JJBD Shop,15.96万,帽子,14%,4025,113.75%,$5.91万,2.69万,$48.32万
4,84,"Kimorn Polarized Square Fit-Over Sunglasses for Men and Women, Lightweight Trendy Casual Frame with UV400 Protection for Driving & Outdoors, High Quality Sunglasses, Trendy Casual Sunglasses",$18.99,,美国,AE Glasses,14.02万,太阳镜,15%,4010,-48.51%,$6.67万,1.89万,$32.03万
4,85,"YLNWH 18G Titanium Steel Nose Rings Set – Internally Threaded Horseshoe Hoop with Gems, Surgical Grade, Includes Insertion Tool",$10.66,,美国,Nuvilite,5.33万,身体饰品,15%,4006,-23.71%,$4.84万,1.11万,$13.55万
4,86,2026 US SummerVibes | Tactical Metal Hook Elastic Belt (Unisex) - Patented No - Buckle Invisible Design / EDC / EveryDayCarry / Soft Adjustable Side Waist Belt Pocket belts for men,$8.98,,美国,FortuneAdorn,21.17万,皮带,12%,4005,29.95%,$4.35万,2.99万,$35.38万
4,87,"Sunber Custom Wig Bonding Adhesive Backed Double-Sided Sticky Tape, Hair Extension Accessory",$9.99,,美国,Sunber Hair,19.69万,接发与假发配件,3%,3988,750.32%,$5.03万,2.42万,$27.05万
4,88,"Women's Luxury 4-Pack Zircon Stud Earring Set - Gold/Silver, Round/Square Styles, Hypoallergenic Fit, Everyday Wear, Matching Backs, Complimentary Box - Accessories for Women, Premium Gifts, Gemstone stud earrings, Jewelry For Women",$13.57,,美国,LUNARA,3.68万,耳环,10%,3963,-10.4%,$6.15万,3.23万,$47.62万
4,89,"Crystal Beaded Bracelets for Women and Men - Tiger Eye, Obsidian, Black Tourmaline Jewelry for Banquet Party - Money Attraction, Good Luck, Protection Bracelet Encouragement Gift for Her couple bracelet Daily Wear backtoschool",$6.98 - 12.98,,美国,Charmed Matrix,7.56万,手环与手链,13%,3935,757.3%,$2.96万,8265,$7.57万
4,90,2Pieces/Set 10mm Love Heart Shape Chain Necklace and Bracelet Men or Women Hip Hop Iced Out Bling Bling Chain Necklace and Bracelet Fashion Set Jewelry Valentines Gift,$4.39,,美国,ZIDOM Hiphop Store,31.64万,首饰套装,8%,3932,-7.18%,$2.47万,1.85万,$12.88万
5,101,"Bling Hair Gifts BEAKEY Makeup Sponge, Latex-Free Beauty Sponge for Blending, Makeup Sponges for Foundation Liquid Cream and Powder.",$29.90,,美国,Bling Hair Wigs Shop,22.47万,发带发箍,5%,3678,2965%,$11.93万,6795,$22.30万
5,102,Tewiky Gold Box Chain Scalloped Shell Heart CZ Initial Necklace A–Z Micro Pave Letter Pendant For Valentine's Day gifts Dainty Gold Letter Elegant Necklace,$11.63 - 11.99,,美国,Tewiky,75.46万,项链,12%,3652,24.64%,$4.71万,1.42万,$18.56万
5,103,"Summervibes Dreamlover Wig Grip Band for Lace Front Wigs, Adjustable Elastic Wig Grip Headband Wig Band for Women",$16.99,,美国,Dreamlover Online,11.71万,接发与假发配件,15%,3626,261.52%,$6.63万,4.65万,$78.18万
5,104,"YLNWH LED Earrings, Light Up Stud Earrings, Glowing Diamond Crown Pendant Earring for Women and Men, LED Jewelry for Party, Wedding, Birthday, Night Out, Disco, Festival",$9.49,,美国,Nuvilite,5.33万,耳环,15%,3587,2229.22%,$3.58万,5429,$5.07万
5,105,"Women's Thick Seamless Cotton Hair Ties - 1PCS Random Color, High Stretching, No Damage Elastic Hair Accessory, Fashionable Hairband, Scrunchie, Stretchy Tie Band for Daily Ponytail Use",$30.90,,美国,WIG QUEEN,14.45万,头绳,5%,3565,36.54%,$12.42万,6667,$23.43万
5,106,AISI HAIR Long Straight Clip In Hair Extensions Synthetic Hair Extensions 20 Inch 4PCS Thick Hairpieces for Women,$19.99 - 25.99,,美国,AISI HAIR BEAUTY,66.66万,化纤接发&发片,5%,3553,543.66%,$7.12万,4.24万,$105.27万
5,107,"【Flash Sale】Men's Cowhide Elastic Adjustable Waist Leather Belt, Modern Easy-Release Ratchet Buckle, Elegant Design for Dress & Casual Wear, Men's Accessories, Gifts for Boyfriend, Gift Box Included, Leather Belts, Adjustable Waist Belt,summerwins summerw",$9.69 - 17.59,,美国,VATAN SHOP,8.30万,皮带,10%,3547,-15.51%,$4.25万,3.07万,$45.79万
5,108,"Fashion O Men‘s Sunglasses Case - Great for Cycling, Motorcycle Riding, Fishing & outdoors",$28.59 - 36.89,,美国,Fihejyd Bloom,4.00万,眼镜盒与配件,12%,3535,-11.89%,$11.10万,2.55万,$82.59万
5,109,Doores Clip in Hair Extensions 120g 7pcs 150g 9pcs 100% Human Hair Straight for Daily Use & Special Occasions for Women#tiktokshopbacktoschool,$27.20 - 198.00,,美国,Doores Hair Extensions,12.21万,真人发接发&发片,5%,3521,22%,$11.07万,5.04万,$204.80万
5,110,UNice Glueless Yaki Straight Short Bob Wig with Drawstring Pre-cut 7x5 HD Lace Human Hair Wigs with Bleached Knots Beginner Friendly Natural Hairline Summer Wig SummerArrvials #SoHoChic #TikTokShopBackToSchool,$90.00 - 115.00,,美国,UNICE,52.15万,真人发发块头套,3%,3505,334.32%,$33.41万,2.60万,$229.49万
6,121,"Women's Multicolor Sports Headbands, Workout Headbands, Leopard Print Elastic Sweat Absorbent Hair Bands, Suitable for Yoga Running Skincare Fashion Accessories",$1.89 - 4.04,,美国,Shenzhen Songlin,15.94万,头绳,8%,3374,666.82%,$6963.34,8287,$1.80万
6,122,OQ HAIR Burmese Curly Crochet Hair Natural Black Machine Made Feather Crochet Human Hair Extension Miracle Knots Boho Braids #SohoChic #TikTokShopBackToSchool #DealsForYouDays,$68.00 - 311.00,,美国,OQ HAIR SHOP,112.19万,真人发全机制头套,3%,3371,176.77%,$24.90万,9691,$71.33万
6,123,"JBextension 1 Pieces Beige Wig Cap, Wig Caps for Women Lace Front Wig Stocking Caps for Wigs Nude Wig Cap Beige Wig Cap 1 Pcs",$6.29,,美国,Jbextension.usa,89.20万,帽子,10%,3361,202.52%,$2.49万,7.29万,$44.31万
6,124,"Men's New Full Frame Square Glasses, Retro Dual Bridge Design, Imitation Wood Texture Temples, Metal Frame, Classic Fashion Decorative Eyewear, Trendy Vintage Eyeglasses, Square Frames Eyeglasses, Fashionable Frames Glasses, Stylish Trendy Eyewear",$2.50,,美国,GM Glaases,4.96万,太阳镜,8%,3360,191.67%,$9137.75,1.03万,$3.05万
6,125,UNice 250% Density Reddish Brown Fluffy Afro Kinky Curly with Layered Finger Coil Ends Glueless 7x5 HD Lace Closure Human Hair Wigs No Slip Beginner-Friendly Natural Looking Summer Wig SummerArrvials #SoHoChic #TikTokShopBackToSchool,$119.00 - 170.00,,美国,UNICE,52.15万,真人发发块头套,3%,3354,32.99%,$40.47万,2.42万,$271.75万
6,126,"Paleshy 4-Pack Women's Blue Light Blocking Glasses - Anti- Round Face Eyewear Set, 4 Fashion Frame Colors | Internet Celebrity Style Windproof No-Makeup Essential",$10.66,,美国,Elegant&Pure Shop,6.21万,镜框与镜片,15%,3348,67.23%,$4.03万,5.14万,$68.60万
6,127,"Women's Round Dial Analog Quartz Watch, Luminous Watch for Party, Daily Clothing Decor, All-match Waterproof Watch for Birthday Gift with Box, Casual Stainless Steel Wristwatch, Quartz Wrist Watches",$14.10 - 43.50,,美国,POEDAGAR SSS,30.72万,女表,8%,3345,24.49%,$4.31万,4.07万,$53.84万
6,128,"Women's 10PCS 2in Metal Hairpins Kit - All-Seasons, Fade-Resistant Black Finish, Secure-Hold Bobby Pins for All Hair Types, Daily Use & Hairdressing Salons, 2 Inches",$31.90,,美国,WIG QUEEN,14.45万,发夹发簪,5%,3279,17.36%,$11.92万,6910,$25.35万
6,129,"Summer 2025 Simple Polarized Shades Sunglasses For Everyday Use, Summer Geometric Frame Double Beam Fashion Stylish Sunglasses, Travel Accessories, Trendy Casual Sunglasses, Polarizing Sunglasses, Fashionable Frames Sunglasses, National Day Offers",$3.60,,美国,JWH GLASSES,61.50万,太阳镜,8%,3278,-33.29%,$1.84万,34.67万,$293.46万
6,130,"8 Sizes Invisible Ring Adjuster, Soft Silicone Ring Sizer for Loose Rings, Comfortable Ring Spacer Fits Most Women's & Men's Rings",$8.70,,美国,Amberart US,11.06万,珠宝调节保护工具,15%,3240,1912.42%,$3.11万,9.83万,$92.38万
7,141,"ZENOTTIC Daily Anti Blue Light Glasses for Men & Women, Rectangle TR90 Frame with Ultra Clean Lense & Adjustable Spring Hinge,Summer Wins,Gaming Essential",$16.90,,美国,ZENOTTIC,10.21万,镜框与镜片,10%,3169,101.72%,$6.15万,3.32万,$61.68万
7,142,EVRY JEWELS Gold or Silver Plated Women's Hypoallergenic Forever Blessed Cross Necklace,$9.99,,美国,EvryJewels,38.74万,项链,15%,3155,2848.6%,$3.21万,8974,$7.92万
7,143,"Handmade Cow Tag Belt Key Holder with Copper Initial – Custom Western Keychain for Men & Women, Texas-Inspired Cowboy Keychain, Fashion Accessory for Bags, Keys & Gifts",$19.38 - 19.99,,美国,DFN INC,5.48万,钥匙扣,15%,3118,-25.3%,$6.65万,1.57万,$34.37万
7,144,"YWIGS Crochet Human Hair for Miracle Knots Human Hair Feather Crocher Hair Human Hair for Miracle Knots Boho Braids Burmese Curly Pre-Separated 60g / Bundle, 4 to 5 Bundles Recommended #backtoschool #backtoschoolshopping #sohochic",$39.00 - 300.00,,美国,YWIGS,12.06万,真人发接发&发片,5%,3116,-10.23%,$12.81万,3.26万,$175.83万
7,145,"EUNOIALENS Unisex Vintage Square Sunglasses 2-Pack - Transparent Plastic Full Rim Acetate Frames, Simple Eyewear Fashion Accessories, Shades for Gifting & Everyday Wear, Unisex Square Fit Value Backups Modern Trendy Sunglasses Acetate Sunglasses",$12.27,,美国,DS high quality goods,34.84万,太阳镜,15%,3108,10.41%,$4.35万,1.19万,$17.99万
7,146,【Lowest Price】Tahikie Burmese Curly Crochet Human Hair For Miracle Knots Human Hair Feather Water Wave Curly Wave Crochet Human Hair For Miracle Knots Pre-Separated Recommended#RefreshedLook#SummerWins #DealsForYouDays #TikTokShopBackToSchool#SohoChic,$48.00 - 398.00,,美国,Tahikie,27.82万,真人发接发&发片,1%,3106,-13.67%,$16.56万,1.18万,$60.01万
7,147,"New Fashion Retro Square Frame Glasses, High Quality Versatile Trendy Casual Eyeglasses for Daily Wear, Trendy Vintage Eyewear for Men & Women, Stylish Square Frames, Fashionable Frames Glasses",$2.60,,美国,Oticala,16.84万,太阳镜,8%,3103,147.45%,$8795.08,1.45万,$5.08万
7,148,Ramiss Brazilian Body Wave Straight Bundles Human Hair Quick Weave Bundles 2x6 4x4 Lace Closure with Bundles Virgin Human Hair Weave Bundles Traditional Sew in Extensions,$18.80,,美国,Ramiss Hair,7.53万,真人发接发&发片,6%,3067,-14.59%,$6.36万,9756,$19.51万
7,149,GANIA Letter Layered Ankle Bracelets for Women Dainty Chain Initial Pendant Anklets Set Hypoallergenic A-Z Gifts for Girls Trendy Adjustable Size Waterproof Costume Accessories,$12.00,,美国,GANIA,31.35万,脚链,10%,3064,-31.93%,$4.30万,12.99万,$159.75万
7,150,Custom 360 Wave Cap - The Royalty Cap,$12.96,,美国,Royalty Headwear,7.75万,帽子,20%,3050,-15.35%,$4.63万,6.33万,$94.95万
8,161,Elastic Band for Hair Wig Lace Melting 1 Pcs Non Slip Soft Hair Band For Women,$5.90 - 9.90,,美国,bangjazzhair,19.80万,发带发箍,3%,2916,11.47%,$1.91万,2.40万,$17.56万
8,162,"Copper Bracelet for Women, Pure Copper Magnetic Bracelets, Natural Unique Gemstone, Gifts for Women Trendy Stack Bangle Trendy Jewellery Accessories Valentine’s Day gift.",$6.59,,美国,Lunaire Threads,2.12万,手环与手链,14%,2905,2517.12%,$2.59万,5552,$5.79万
8,163,Lush Haute Headband Deep Wave Synthetic Wig 24 Inches Deep Wave Wigs for Women Glueless None Lace Wig with Headband Attached Synthetic Wigs,$28.99 - 29.20,,美国,Lush Haute,15.54万,化纤全机制头套,10%,2902,425.72%,$8.43万,9348,$26.81万
8,164,"5-Pack Cooling Helmet Liner Caps, Moisture-Wicking Breathable Pirate Head Wraps, Stretchy Adjustable Sports Outdoor Hat, Sweat-Absorbent Cooling Beanie for Motorcycle Cycling & Outdoor Riding, Adjustable Hat, Sports Outdoor Hats",$10.49,,美国,DDBD shop,21.91万,帽子,15%,2900,962.27%,$3.57万,4307,$5.17万
8,165,AISI HAIR 4PCS 16 inch Clip-in Curly Hair Extensions Natural Lace Weft Tangle-Free Fiber Secure Fit for Women's Everyday & Special Occasion Use Wavy Synthetic Hair Soft Synthetic Hair,$25.20,,美国,AISI HAIR BEAUTY,66.66万,化纤接发&发片,5%,2881,315.13%,$7.80万,4941,$13.75万
8,166,1 PC Adjustable Elastic Band for Wigs djustable Elastic Band for Wigs Removable Wig Band Nonslip Wig Strap Black Elastic Bands for Glueless Wig Making Wig Cap Accessories,$20.99,,美国,bangjazzhair,19.80万,发带发箍,3%,2879,10.48%,$6.74万,1.21万,$27.40万
8,167,SIPHEW Classic Sunglasses for Women Polarized Driving Anti-Glare UV Protection,$12.60,,美国,SunniesHub,7.76万,太阳镜,10%,2852,-9.32%,$3.85万,1.13万,$15.43万
8,168,GOO GOO Scalp Hair Fill-Ins Clip-Ins Hair Extensions Natural Coverage for Thinning Areas Remy Human Hair Lightweight and Invisible Straight Natural Summer Hair summer hairstyles #tiktokshopbacktoschool #sohochic,$47.63 - 117.89,,美国,GOO GOO,43.77万,真人发接发&发片,5%,2843,95.8%,$14.57万,6392,$31.78万
8,169,"Women's Elegant Geometric Print Two-Piece Set, Beach Sun Protection Long Robe & Scarf for All Seasons, Fashion Accessory, Beach Cover-Ups, Swimsuit Coverups, Swimwear Cover Up",$12.90,,美国,Trendy Moo,2.73万,围巾&围脖,8%,2841,141950%,$3.79万,3569,$5.16万
8,170,"Boho Multi-Layer Faux Pearl Necklace for Women, Vintage Statement Fashion Jewelry, Versatile Gift for Daily Wear and Parties, String of Pearls, Trendy Necklace, Pearl Necklace Strand, Accessory Necklace",$9.00,,美国,Nyareya,10.07万,项链,8%,2836,642.41%,$2.87万,1.03万,$10.88万
9,181,"1PCS Mini Wide-Tooth Hair Comb, Portable Pocket-Sized Black Haircare Tool for Travel, Combs for Hair Heatless Grooming Accessory, Hair Combs",$30.00,,美国,WIG QUEEN,14.45万,发夹发簪,5%,2781,50.98%,$10.07万,6994,$24.20万
9,182,"Kimorn Retro Small Oval Sunglasses for Women Men, Y2K Vintage Narrow Round Cateye Shades, UV400 Protection Summervibes",$16.99,,美国,AE Glasses,14.02万,太阳镜,15%,2778,42.61%,$3.57万,6475,$8.48万
9,183,Bling Hair Deep Wave Lace Frontal Wig Transparent 13x4 13x6 HD Lace Frontal Human Hair Wigs Curly Human Hair Lace Frontal Wigs For Women backtoschool,$78.77 - 268.66,,美国,Bling Hair Fashion,38.90万,真人发前蕾丝头套,1%,2756,34.57%,$23.51万,2.75万,$185.00万
9,184,EOM 14K Gold Plated Moissanite Waterproof Hip Hop Unisex Chained Ring Silver-Plated Jewelry Perfect Birthday Engagement Wedding Anniversary Gift for Men Women,$12.60 - 13.00,,美国,EOM.Jewelry,5.95万,戒指,8%,2755,228.76%,$3.69万,1.09万,$14.73万
9,185,KINHOPI Gold Big Hoop Earrings for Big Ear Men Cartilage Huggie Simple Clean Lightweight Gift Gold Plated Hoop men's accessories,$14.99,,美国,KINHOPI,3.27万,耳环,10%,2750,40.59%,$4.35万,1.57万,$24.54万
9,186,"New 2026 Ramiss Burmese Curly Crochet Human Hair for Mircale Knots Boho Braids 4-5 Packs for Full Head, Pre-Separated 60g/Pack Time-Saving, 50 Strands/Pack Water Wave Machine Made Feather Crochet Human Hair Extension Pre Looped#SummerWins #DealsForYouDays",$35.50,,美国,Ramiss Hair,7.53万,真人发接发&发片,6%,2744,84.78%,$11.00万,1.01万,$45.61万
9,187,"Simple Style Plain Color Skull Beanie for Men & Women, Casual Sportive Breathable Stretchy Beanie Hat for Outdoor Sports for Men & Women, Fitted Hats, Head Cover",$2.00 - 5.80,,美国,JOYOYO Beauty,19.93万,帽子,8%,2718,43.89%,$5115.09,12.44万,$133.69万
9,188,"A special gift: a breathable ankle support strap, ankle brace, or sports ankle support strap, suitable for sports, fitness, running, rock climbing, cycling, tennis, healthcare, and other occasions. (SpringStatements)",$10.48,,美国,DDBD shop,21.91万,服饰配件套装,14%,2714,162.48%,$3.31万,1.35万,$16.62万
9,189,"5 Pairs 14K Gold Plated Huggie Small Hoop Earrings Set for Women Men, Hypoallergenic Hoop Earrings for Cartilage, Lightweight Stackable Earrings for Sensitive Ears",$13.00 - 25.00,,美国,YIONIFI official,2.04万,耳环,12%,2708,67.89%,$3.88万,9494,$13.17万
9,190,"Women's High-End Sense Personality Fashion Big Brand, P Polygonal High-End Sunglasses Frame,Men's Fashion Sunglasses",$15.59,,美国,moqushangmaoshop,1.96万,镜框与镜片,12%,2706,306.92%,$4.04万,5834,$8.48万
10,201,"【Price Dropped】ISEE HAIR Human Hair Crochet Hair Extensions – Miracle Knots Pre-Separated Crochet Braids, Knotless Boho Braids, Mermaid Braids, Goddess Braids, Burmese Curly, Kinky Curly, Water Wave#SoHoChic #TikTokShopBackToSchool",$72.70 - 354.00,,美国,ISEE HAIR BEAUTY,53.15万,真人发接发&发片,3%,2612,-41.3%,$20.90万,2.00万,$130.85万
10,202,【SummerVibes】SUNGAIT Retro Polygon Aviator Sunglasses for Men Women Polarized Trendy Square Sun Glasses Stylish Pilot Shades UV400 Protection for Beach Travel School,$15.30,,美国,SUNGAIT,7.57万,太阳镜,15%,2608,-31.64%,$5.02万,2.68万,$51.01万
10,203,"EUNOIALENS Women's Fit Over Square Frame Sunglasses - Oversized Polarized Lenses, UV400 Protection, T-Zone Temples, Wrap-Around Design, for Casual Driving & Daily Wear, Stylish Women's Gift Accessory, Sunglasses For Women",$9.65 - 13.53,,美国,DS high quality goods,34.84万,太阳镜,15%,2606,343.95%,$4.00万,3221,$4.96万
10,204,"Reusable Fine Mesh Wig Dustproof Cover - Breathable Dustproof, Lint-Blocking, Anti-Fouling Wig Accessory for Storage, Travel Use, Blocks Lint",$30.00,,美国,WIG QUEEN,14.45万,接发与假发配件,5%,2589,727.16%,$8.31万,5013,$16.21万
10,205,"KooKaStyle 4PCS Clip in Hair Extensions for Women, 24 Inch Long Wavy Synthetic Hairpieces, 220g Thick Double Weft Extensions for Instant Volume, Length and Natural Blend",$20.99 - 25.99,,美国,KooKaStyle,11.81万,化纤接发&发片,5%,2567,7.5%,$6.08万,6.20万,$128.33万
10,206,"Polarized Sunglasses with American Flag Design, Retro Shades, Unisex Outdoor Driving Glasses, Fashionable Square Blue Lenses, Trendy Beach Eyewear, Square Frame Sunglasses",$8.60,,美国,YI SHENG SUNGLASSES,5.29万,太阳镜,8%,2566,46.38%,$2.34万,4583,$3.85万
10,207,"Elegant Animal Print Shawl Set, Kaftan Long Maxi Dress & Scarf, Summer Beach Sun Protection, Casual Fitted Style",$7.20,,美国,IROJEFF,90.35万,围巾&围脖,8%,2566,128200%,$3.46万,2570,$3.46万
10,208,Sister Keychains for 3 Sisters Gifts Big Sis Mid Sis Lil Sis Matching Heart Keychain Set Sister Jewelry Gifts,$8.99,,美国,Lyaney,4.61万,钥匙扣,5%,2548,-1.74%,$3.23万,5448,$6.92万
10,209,【TRENDY VIBES】MYIAUR Polarized Sunglasses for Women Big Style Gold-Plated Frame UV400 Protection Anti-Glare Fashion Accessory Christmas Gift Trendy Shades 2026,$13.00 - 14.00,,美国,Global EyeWear Selection,16.28万,太阳镜,15%,2543,28.82%,$3.81万,5.70万,$82.63万
10,210,PALESHY Polarized Photochromic HD Sunglasses for Men Women UV400 Protection Ultralight Eyewear Day Night Safety Glasses for Fishing Golf Outdoor Activities Classic Rectangular Design,$8.99 - 9.99,,美国,HEIDI GLASSES,7.37万,太阳镜,13%,2539,71.9%,$2.94万,4.39万,$51.03万
11,221,Amanda Hair Wig Cap For Lace Frontal Closure Wigs Breathable Invisible Elastic Wig Cap 02 Soft Thin,$25.80,,美国,amandahair,21.02万,真人发接发&发片,5%,2493,33.17%,$7.32万,1.62万,$22.17万
11,222,Elastic Band for Hair Wig Edge 1PCS Lace Melting Band for Wigs and Baby Hair Fluffy Eyelash for Hair Wig 6PCS Amanda Hair,$19.99,,美国,amandahair,21.02万,头绳,3%,2481,32.25%,$5.44万,1.59万,$23.04万
11,223,Onetide Hair Glueless Wigs Human Hair Short Afro Kinky Curly Wigs For Women Human Hair Put on & go Hair Strong Fluffy and Long－Lasting Glueless Wigs 80s 90s Hair Kinky Curly Wig Cosplay or Daily Use Wigs High Density Work Wig Vietnamese Human Hair,$20.00 - 21.30,,美国,ONETIDE Hair Store,8.17万,真人发全机制头套,10%,2480,38.7%,$5.51万,1.96万,$40.59万
11,224,Elastic Band for Hair Wig Edge 1PCS Lace Melting Band for Wigs Amanda Hair,$17.80,,美国,amandahair,21.02万,头绳,5%,2476,147.11%,$5.01万,1.56万,$18.79万
11,225,YWIGS Blonde Body Wave Bulk Human Braiding Hair for Boho Braids Natural Texture #27/30/613 & #4/27/30 & #4/30 #backtoschool #backtoschoolshopping #sohochic,$63.00 - 69.00,,美国,YWIGS,12.06万,真人发接发&发片,5%,2473,-15.48%,$16.80万,1.42万,$93.86万
11,226,"Rotatable Anxiety Ring with Cz Gemstone, Unisex Stress Relief Fidget Toy, Perfect Wedding Promise Gift, Men and Women Jewelry",$1.10,,美国,Artisane Rings,1.86万,戒指,8%,2472,12.47%,$4890.37,1.66万,$3.82万
11,227,"[Blue Light Blocking] Retro Square Semi-Rimless Glasses | Stylish PC + Metal Wear-Resistant Blend Non-Prescription Glasses for Reading, Gaming, and Computer Use (Includes Cleaning Cloth & Case)",$13.96,,美国,TIANYUE Accessories&Hats,2.22万,镜框与镜片,11%,2452,35.62%,$3.78万,6936,$10.55万
11,228,"Vintage-Style Faux Pearl Necklace with Rhinestone Cross Pendant, Men's Hip Hop Punk Jewelry, Bling Faux Pearl Chain Necklace, Trendy Necklace, Necklace Gift",$1.40,,美国,Ysabtst,47.48万,项链,8%,2450,1029.03%,$3579.1,9522,$2.58万
11,229,Adjustable Turban Wrap Scarf Head Wrap Scarfs Tactical Headscarf Seamless Bandanas,$15.99 - 20.79,,美国,Onestep Beauty Bar,1.20万,围巾&围脖,5%,2447,-8.63%,$5.38万,7187,$17.24万
11,230,Frodio Veralux™ Blend Human Hair Burmese Curly 3-in-1 Half Wig Spiral Ends #summervibes#SohoChic,$51.20,,美国,FRODIO,79.69万,真人发前蕾丝头套,5%,2438,6.18%,$12.89万,1.07万,$59.83万
12,241,"Vinisay Hair Bundles with 4x4/13x4 Closure, 12A Raw Indian Body Wave Real Human Hair, Natural Black Sew-in Weave Extensions, Bodywave Hair",$28.00 - 376.00,,美国,Vinisay Hair Shop,3.73万,真人发接发&发片,1%,2380,355.94%,$6.18万,7779,$22.55万
12,242,"Gothic Charm Bracelet for Women, Vintage Witchcraft Aesthetic Jewelry with Celestial Moon & Pentagram Charms, Adjustable 2-in-1 Casual Anklet Chain, Jewelry For Women, Gothic Style, Anklets For Women",$5.10 - 19.49,,美国,Stella Silver,1.17万,手环与手链,12%,2378,113.66%,$1.74万,3491,$2.90万
12,243,"Men's Minimalist Faith Cross Necklace - Stainless Steel with Inscriptions, Durable Fashion Accessory | Halo Accessories",$13.48,,美国,Halo accessories,2.41万,项链,10%,2375,3.13%,$3.61万,8523,$12.52万
12,244,"Vintage Resin Amber Acrylic Bangles Set, High-Quality Texture Bracelets, Fashionable Multifunctional Jewelry for Women, Daily Wear Accessories, 4 Pieces",$2.29 - 3.35,,美国,SY-exquisite,1.55万,手环与手链,8%,2339,182.15%,$6232.29,8566,$3.05万
12,245,"Retro Unisex Fashionable All-match Tinted Lens Aviator Sunglasses, His and Hers Gifts, Semi-Rimless Summer Vintage Trendy Glasses, Fashionable Sunglasses Men Women for Outdoor Activities #SummerVibes,summer outifit,travel essentials",$9.00,,美国,Collar Tow,9.72万,镜框与镜片,15%,2335,316.96%,$2.52万,5.13万,$52.31万
12,246,Glueless Headband Wig 26 Inch Long Black Body Wave Headband Wigs for Black Women Synthetic Natural Looking Wavy Wig Heat Resistant 180% Density,$22.98 - 24.79,,美国,Mairedhair,1.01万,化纤全机制头套,11%,2331,23.14%,$5.93万,5705,$14.43万
12,247,"Unisex Fashion Skull Cap - Beanie Hats, Casual Outfits Cap, Fashionable Hats, Fitted Beanie, Flexible Fit Design, One Size for Daily Wear & Sports",$5.00 - 6.50,,美国,This is my life,1.51万,帽子,20%,2328,17.4%,$1.36万,1.01万,$6.16万
12,248,JASGOOD Women Wide Chunky Belt for Dresses Fashion Thick Suede Belt with Gold Buckle,$21.60 - 34.60,,美国,JASGOOD,10.87万,皮带,10%,2324,24.95%,$5.72万,1.58万,$37.14万
12,249,"ShineThru 1 Pair Unisex Plastic Full-Rim Retro Fashion Womens Sunglasses - Trendy Versatile Design, UV Protection, Lightweight Comfort, Suitable for Daily & Outdoor Wear",$10.98,,美国,ShineThru,14.03万,太阳镜,15%,2318,230.2%,$2.85万,4730,$5.02万
12,250,"ATTCL Men's UV 400 Polarized Sunglasses (0.71 oz) - Ultra-Light Al-Mg Metal Frame Sports Eyewear for Driving, Golf, 99% UVA-UVB Blocking, Adults' Accessories, Mens Gifts for Boyfriend, Husband, Case, Microfiber Cloth, Test Card",$18.87 - 23.74,,美国,ATTCL EYEWEAR USA,8317,太阳镜,18%,2317,58.48%,$4.61万,6426,$13.62万
13,261,"GANIA Gold-Tone & Silver-Tone Hoop Earrings for Women – Brass Base, Lightweight Multi-Size Hoops Set (30/40/50/60mm), Daily Jewelry Gift for Girlfriend Wife Mom",$14.00 - 14.20,,美国,GANIA,31.35万,耳环,10%,2246,-25.36%,$3.37万,1.10万,$15.80万
13,262,Cute Bein Body Wave 13x6 Transparent Lace Front Human Hair Wig 180% Pre plucked Lace Frontal Human Hair Wigs For Women With Baby Hair,$61.83 - 168.50,,美国,Cute Bein Hair Shop,33.41万,真人发前蕾丝头套,1%,2246,69%,$16.42万,2.11万,$137.36万
13,263,"Unisex Tiger Eye & Green Aventurine Beaded Crystal Bracelet - Adjustable Size (5.9-7.87in) Accessories for Adults, Abundance & Prosperity, Wealth-Attracting Anniversary Costume Jewelry",$9.79 - 14.72,,美国,Arpurraina Shop,11.39万,手环与手链,15%,2243,-14.42%,$2.51万,2.93万,$31.49万
13,264,"Soco Exquisite 3-Pair 14K Gold Plated Layered Hoop Earring Set for Women, Geometric and Round Huggie Earrings with Hinged Clasps, Model DDES0407",$13.90,,美国,Soocosisx,3.32万,耳环,10%,2224,282.13%,$2.93万,6589,$7.85万
13,265,[3 In 1 Half Wig] OQ HAIR Afro Curly Wear Go Glueless Half Wig 180% 250% Density Upgrade With Drawstring Cap Invisible Hairline Human Hair Wigs Beginner Friendly #SohoChic #TikTokShopBackToSchool,$95.97 - 206.59,,美国,OQ HAIR SHOP,112.19万,真人发前蕾丝头套,3%,2213,322.33%,$25.00万,3.11万,$296.81万
13,266,"ShineThru Women's Aviator Sunglasses - Trendy Designer Full-Rim UV400 Protection Eyewear, Gold Trim Black Frame, Lightweight Pilot Style, Fashionable Accessories for Women, Trendy Sunglasses",$10.66,,美国,ShineThru,14.03万,太阳镜,13%,2212,-0.23%,$2.66万,6381,$7.50万
13,267,Pobokix Burmese Curly 3 IN 1 Half Wigs Human Hair Glueless Wig Human Hair Half Wig Drawstring 200% Density Burmese Curly Hair Half Wig For Women,$82.00 - 156.00,,美国,Pobokix,1.91万,真人发全机制头套,1%,2206,239.91%,$19.81万,4016,$34.49万
13,268,UNC Premium Trucker Snapback Hat,$24.50 - 38.30,,美国,The Mad Hatter Company,42.23万,帽子,10%,2205,-17.85%,$7.58万,7267,$26.11万
13,269,"Women's 6-Count Elastic Headbands Set - Metal Body Wave-Zig Zag Training Headbands with Comb, Textured Twist Design, Sports Hair Accessory, Ideal Gift, Body Wave Headband",$11.90,,美国,lumoqi,9.71万,发带发箍,15%,2202,-7.28%,$3.14万,1.17万,$16.50万
13,270,"Wigs Human Hair, 1 Pcs Light Brown Wig Caps for Women, Ultra-Thin Stretchy Nylon Lace Front Stocking Caps",$26.74,,美国,Tiwugi hair store,14.88万,真人发前蕾丝头套,1%,2201,17.89%,$6.14万,2.11万,$72.21万
14,281,"Gold Plated Chain and Pendant Set - 22"" 4mm Chain with Tricolor Charms for Boys & Girls - Perfect Gift for Mom Aunt Niece Daughter",$13.99,,美国,Nancy elizabeth varela,3.92万,项链,12%,2182,80.48%,$3.36万,8932,$13.25万
14,282,"2 pair Earring 18K Gold Plated Set for Men and Women. Features VVS - cut round and square gemstone earrings. These delicate, elegant and stylish accessories are for pierced ears.TikTokShopBlackFriday",$13.99,,美国,STEFEN FLAME Jewelry,2.17万,耳环,9%,2181,148.97%,$3.30万,1.64万,$23.97万
14,283,"""1pc Elegant Heart Key Pendant Bracelet, Women's Bracelet, 13 Small Pendants, Bohemian Style, Shiny and Exquisite Silvery, Women's Fashion Jewelry Accessories, Suitable for Wife, Girlfriend, Fashion Gift, Birthday Gift "" bangle, Bracelets, Accessories Fo",$8.69,,美国,Jadeglow Lane,1.34万,手环与手链,10%,2165,893.12%,$1.89万,4798,$4.27万
14,284,"Sohochic Women's 20in Clip-in Synthetic Artificial Hair Extensions, 4PCS Thick Double Weft Hairpieces with Styling Clips, S-Blonde Brown Mix Wine Red S-Dark Brown Long Volume Wavy/Straight Daily Use Fashion Accessory",$27.43,,美国,WIG QUEEN,14.45万,发夹发簪,-,2160,-10.41%,$7.61万,5285,$19.02万
14,285,Tewiky (K) 14K Gold Plated Jewelry Exclusive K,$1.00,,美国,Tewiky,75.46万,项链,-,2155,13.96%,$2155,4137,$4137
14,286,"Men's Sporty Glasses, Active Eyewear, Trendy Casual Wraparound Frame Glasses for Everyday Use, Summer Sports Glasses, Fashion Accessories for Outdoor Activities, Lightweight Sports Sunglasses",$11.72,,美国,ZX Coolmaker,3.05万,太阳镜,8%,2147,156.51%,$2.90万,1.20万,$11.98万
14,287,2pcs Titanium 18G/20G Horseshoe Nose Ring 7.5mm Inner Diameter Body Piercing Zircon 3mm Barbell Jewelry with Free Gem Picker Tool | Caution: Avoid Overtightening; Pre-Tighten with Provided Tool then Complete Tightening by Hand,$11.99 - 13.49,,美国,Neeyer Beauty USA,16.85万,身体饰品,10%,2139,-16.54%,$2.98万,9334,$12.79万
14,288,"PANEWAY 16 Inch Curly Wavy Hair Topper for Women – Lightweight Clip-In Hair Topper, Natural Scalp Appearance, Seamless Coverage, Instant Volume for Thinning Hair",$39.98 - 67.13,,美国,Paneway,12.05万,化纤接发&发片,9%,2138,-9.87%,$9.54万,1.38万,$64.29万
14,289,【SummerVibes】SUNGAIT Men's Military Polarized Aviator Sunglasses UV400 Protection Unisex HD Lens Bayonet Temples for Outdoor Activities Mirrored Shades Anti Uv,$18.00 - 34.00,,美国,SUNGAIT,7.57万,太阳镜,15%,2135,33.44%,$3.97万,2.62万,$45.87万
14,290,[New Color] Ishow Hair Burmese Curly Crochet Human Hair With Knotless Colored Pre-Separated Invisible Crochet Hair #DealsforYouDays #SummerWins,$43.50 - 248.19,,美国,Ishow Hair,6.42万,真人发接发&发片,5%,2128,149.47%,$10.33万,3212,$15.84万
15,301,"6 Pairs Retro Small Frame Classic Sunglasses for Men and Women, Vintage Trendy Sunglasses, Casual Sunglasses, Stylish Travel Sunglasses for Everyday, Versatile UV Protection Glasses",$3.60,,美国,ClearLen,34.01万,太阳镜,8%,2087,-18.95%,$7836.64,2.93万,$23.44万
15,302,1 Count Soft Scrunchies Random Color,$99.00,,美国,Mamushow Hair Fashion,27.62万,头绳,1%,2079,153.54%,$22.87万,4913,$54.75万
15,303,"YAPPY Inspirational Bible Verse Bracelets for Women & Men, Reversible Waterproof Design with NFC Daily Faith Quotes, Great GF or BF Gift, Gifts For Women, Gf Gift",$11.20,,美国,Yappy Bracelets,37.10万,手环与手链,15%,2074,4.54%,$3.08万,29.52万,$388.53万
15,304,"Cute leopard print plush sleep cap with bear ears and a bow; women’s sleep cap with ruffle detailing and satin lining; anti frizz hair protection night cap; soft, stretchy headwear suitable for curly haired users during sleep, everyday beauty routines, an",$12.90,,美国,CANDY YOYO,6.66万,帽子,12%,2072,1446.27%,$3.01万,2794,$4.08万
15,305,ISEE HAIR 250% Kinky Curly Wear Go Half Wig – Glueless Human Hair Wig Invisible Hairline Drawstring Seamless Blend Beginner Friendly Hairpiece No Leave Out Flip Over Wig Summer Hairstyles Budget Friendly Wig Beach Essential#SoHoChic#TikTokShopBackToSchool,$104.70 - 259.00,,美国,ISEE HAIR BEAUTY,53.15万,真人发全机制头套,3%,2071,-20.22%,$23.17万,5.56万,$551.75万
15,306,"2 Pcs Adjust Satin Hair Scrunchies for Women Girls, Adjustable Hair Ties Soft Than Silk for 4c Girlie Thick Curly Natural Hair, Easy to Use Hair Accessories for Afro Puff Loc Ponytails (black)",$11.00 - 20.00,,美国,Yuehuan Store,2.02万,头绳,10%,2057,96.47%,$2.63万,5751,$6.96万
15,307,GWZHL-Gift Internet Celebrity Cute Keychain Blind Bag Cartoon Resin Cute Packaging Pendant Kindergarten children's Gift Stall Prize,$0.99,,美国,RegalRegal,4.66万,首饰吊件及装饰,5%,2052,88.43%,$2242.2,6526,$7093.08
15,308,TEWIKY Ankle Bracelets For Women Waterproof Chunky Cuban Link Chain Trendy Large Layer Anklet Set Jewelry Gift for fashion For Summer Jewellery dealsforyoudays Jewlery anklet For Valentine's Day gifts,$11.99 - 12.99,,美国,Tewiky,75.46万,脚链,12%,2045,-15.29%,$2.75万,1.54万,$20.38万
15,309,"S925 Sterling Silver Moonstone Synthetic Women's Adjustable Thumb Open Ring, Victoria Vintage Style Hypoallergenic Nickel Free, Retro Floral, Lucky, Faith, Mother's Love Ring, Bohemian Style, Daily, Party, Holiday, Valentine's Day, Halloween, Easter Gift",$21.30,,美国,Vinci Jewelry,7.11万,戒指,10%,2037,46.13%,$5.06万,3448,$8.64万
15,310,Hot Star 613 Blonde and Neon Red 180 Density Straight and Body Wave HD Transparent 13x6 Lace Front Human Hair Wigs for Women Glueless Brazilian hair Lace Frontal PrePlucked Wig,$64.00 - 189.00,,美国,Hot Star Hair,47.40万,真人发前蕾丝头套,1%,2036,32.21%,$13.63万,5.77万,$368.62万
16,321,"Men's Plastic Square Round Full Frame Fashion Glasses, Retro Hong Kong Style, Casual Wear, Decorative Eyewear, Classic Elegant Design",$3.30,,美国,XINCHI GLASSES,15.39万,镜框与镜片,8%,1989,135.11%,$6753.05,7846,$3.04万
16,322,"2024 Summer Rhinestone Decorated Trendy Bangle, Elegant Fashion Accessories for Women & Men Daily Wear, Minimalist Aesthetic Jewelry Gift, Copper Bangles, Copper Metal Bracelet, Exquisite Trendy Bracelet, Copper Bracelets",$1.08 - 10.29,,美国,Cando Jewelry,46.01万,手环与手链,8%,1987,16.33%,$2578.82,3.92万,$15.62万
16,323,OQ HAIR #4 Chocolate Brown Feather Crochet Human Hair Burmese Curly Machine Made Crochet Weave Hair Extensions for Volume and Length #SohoChic #TikTokShopBackToSchool,$61.18 - 276.18,,美国,OQ HAIR SHOP,112.19万,真人发全机制头套,3%,1983,1449.22%,$13.18万,2651,$17.78万
16,324,"New Fashion Unisex Sunglasses for Young Adults, PC Frame, Trendy Casual Sunglasses, Perfect for Daily Wear & Holidays, Modern Trendy Sunglasses",$5.40,,美国,Clever Eyes Glasses,2.75万,太阳镜,8%,1975,11.9%,$1.13万,6667,$3.98万
16,325,"24pcs Women's Leopard Print Sporty Hair Bands, Elastic Stretchy Sweat-Wicking Sports Workout Headbands for Yoga Running Spa, Fashion Dot Hair Accessories",$3.38,,美国,Shenzhen Songlin,15.94万,头绳,8%,1974,524.68%,$9512.39,4216,$2.08万
16,326,"GANIA delicate 26-letter gold pendant with star decorations, an elegant lady's necklace, the ideal choice for Valentine's Day gifts",$11.88 - 13.20,,美国,GANIA,31.35万,项链,10%,1974,46.88%,$2.78万,8201,$11.35万
16,327,"Fintie Unisex Vegan PU Leather Eyeglasses Holder Stand - Plush Lining, Magnetic Base, Durable Portable Glasses Storage, Ideal for Bathroom Use, Anniversary/Christmas/Birthday Gift Eyewear Accessory, Computer Desk, Anniversary Gift, Quirky Gifts",$11.00 - 12.30,,美国,Fintie LLC,11.00万,眼镜盒与配件,10%,1966,-15.48%,$2.49万,3.43万,$42.45万
16,328,GOO GOO Hair Extensions Tape in Human Hair Natural Straight summer hairstyles #tiktokshopbacktoschool #sohochic,$32.91 - 216.04,,美国,GOO GOO,43.77万,真人发接发&发片,8%,1957,17.61%,$7.22万,10.07万,$363.98万
16,329,[Lowest Price Ever]Crochet Human Hair For Knotless Feather Human Hair For Boho Braids 4 to 5Pcs Recommend Multiple Curly & Wave Texture Protective Hairstyles For Black Women #SummerVibes,$38.80,,美国,Ishow Hair,6.42万,真人发接发&发片,6.5%,1941,57.17%,$9.05万,6106,$30.26万
16,330,Money Magnet! Lucky Four-Leaf Clover Green Aventurine Bracelet - Manifest Wealth & Prosperity Crystal Charm,$9.26,,美国,HEILSZHSHOP,8724,手环与手链,10%,1939,156.48%,$1.53万,4466,$3.60万
17,341,"Women's Stainless Steel Necklace with Zirconia Cross Crown Initial Pendant, Casual Fashion Lip Chain Jewelry for All Seasons, Letter Necklaces, Cross Design Necklace",$2.23,,美国,XinQiBai8 Jewelry,115.01万,项链,8%,1892,99.79%,$4879.58,2.06万,$7.37万
17,342,"GOO GOO Invisi Edge Tape in Hair Extensions Remy Human Hair, 14inch-24inch 20pcs 50g, Straight Natural Virgin Remy Hair, Seamless Injected Tape, Natural Look summer hairstyles #tiktokshopbacktoschool #sohochic",$45.34 - 110.00,,美国,GOO GOO,43.77万,真人发接发&发片,8%,1880,12.71%,$9.91万,1.81万,$102.99万
17,343,YLNWH Bracelet Helper Tool for Self-Wearing Fastening Assistant Easy to Use Versatile for Various Bracelets User-Friendly Design Ideal for Everyday Use,$8.49,,美国,Nuvilite,5.33万,珠宝调节保护工具,15%,1876,-18.43%,$1.71万,6878,$6.05万
17,344,Beanie Hat,$20.00,,美国,Hype Wall,11.20万,帽子,15.5%,1868,290.79%,$3.96万,2622,$5.47万
17,345,Cute Bein 40 Inch 613 Blonde 13x6 HD Lace Frontal Wigs Pre Plucked 613 Blonde Corlored Lace Front Human Hair Wigs For Women Can Be Dyed & Restyle,$69.00 - 307.00,,美国,Cute Bein Hair Shop,33.41万,真人发前蕾丝头套,1%,1868,31.92%,$13.66万,4.19万,$257.43万
17,346,"SOJOS Retro Trendy Oval Polarized Sunglasses for Women Men, 90s Vintage Circle Round Sunnies",$16.48 - 31.03,,美国,SOJOS,9.70万,太阳镜,10%,1865,25.17%,$3.63万,6529,$14.10万
17,347,"Tasiso Women's Dainty Gold Cross Necklace - 15""+2"" Extension Chain, Hypoallergenic, Eco-Friendly Gold Jewelry, Exquisite Chic Cute Accessories for Women, Mother's Day Gift for Mom",$12.60 - 13.57,,美国,Tasiso,7.15万,项链,10%,1864,131.55%,$2.63万,1.50万,$16.95万
17,348,"Japanese Street Style Camp Hat, Men's 5-Panel Polyester Baseball Cap, Lightweight & Breathable, Sporty Chic Streetwear, Men's Accessories for Adults, Mens Hats, Accessories Adults, Gifts For Him, Guys Gifts, Cool Gifts For Guys, Baseball Drip",$14.96,,美国,TIANYUE Accessories&Hats,2.22万,帽子,11%,1863,-35.76%,$3.00万,7915,$12.36万
17,349,Lush Haute 13X6 Synthetic Lace Front Wig Kinky Straight Lace Front Wig Pre Plucked 180% Density Yaki Straight Lace Front Wigs For Black Women Heat Resistant Hair,$41.00 - 45.50,,美国,Lush Haute,15.54万,化纤前蕾丝头套,10%,1856,112.6%,$8.23万,1.84万,$82.09万
17,350,"Unisex Pebbled Pattern Roller Belt, Colorful Crosses Detail, Retro Vine Style Buckle, Fashion Clothes Accessory for Youth, Belts",$16.99 - 17.99,,美国,Thrivedina,1.22万,皮带,13%,1855,163.49%,$3.55万,3083,$5.74万
18,361,"Men's Adjustable Leather Ratchet Belt with Automatic Buckle, No-Hole Dress Belt for Casual & Business Wear, Perfect Gift for Dad tiktokshopbacktoschool,back to school,back to school haul",$11.00,,美国,XMWUS,87.61万,皮带,10%,1826,-80.5%,$2.06万,6.60万,$72.49万
18,362,"To My Son Infinity Knot Bracelet, Forever Linked Together Leather & Stainless Steel Engraved Jewelry from Mom for Birthday Christmas",$12.99,,美国,Lyaney,4.61万,手环与手链,5%,1823,26.95%,$2.32万,3649,$4.46万
18,363,"New 2026 Ramiss Mircale Knots Crochet Human Hair Loose Deep Pre-Separated 50g / Bundle Time-Saving, 40 Strands, Hot Boho Braids Knotless Feather Crocher Human Hair 4-5 Bundles Recommended for a Full Head",$37.30,,美国,Ramiss Hair,7.53万,真人发接发&发片,6%,1818,-10.27%,$7.73万,6329,$27.14万
18,364,"goodr Amelia Earhart Ghosted Me Large Size (Mach G) Translucent Brown Frame with Brown Lens, UV400, No Slip No Bounce No Tangle",$30.00,,美国,goodr,7.22万,太阳镜,10%,1816,19.47%,$6.81万,1.90万,$68.90万
18,365,"GANIA Gold-Plated Iris Flower Cross Necklace – Electroplated Finish (Brass Base), Christian Symbol Pendant, Unisex Gift for Daily Wear",$12.99 - 13.99,,美国,GANIA,31.35万,项链,10%,1810,654.17%,$2.76万,3282,$5.05万
18,366,Full Shine Tape in Hair Extensions Natural Straight Real Human Hair 20 Pcs 50 Gram for Beauty Women Seamless Hair Double Sided for Skin Weft Tape in Hair Length And Volume Natural Long Hair Look Realistic Hairpiece #sohochic #TikTokShopBackToSchool,$20.37 - 131.09,,美国,FullShineHair,18.41万,真人发接发&发片,12%,1808,-3.62%,$3.46万,5.06万,$189.85万
18,367,Full Shine Clip In Hair Extensions Real Human Hair 7 Pcs Natural Straight 10-28 Inch 100-220 Grams Easy Application for Women Hairpiece Silky Straight Remy Hair #sohochic #TikTokShopBackToSchool,$30.00 - 258.40,,美国,FullShineHair,18.41万,真人发接发&发片,11%,1801,34.7%,$6.82万,4.15万,$258.74万
18,368,【V Part Wig No.1】Mamushow V Part Wigs With Invisible Strap Drawstring 100% Human Virgin Hair Body Wave Glueless Wig 180% Density Curly Wigs Natural Black #TikTokShopBackToSchool#SohoChic,$65.89 - 155.10,,美国,Mamushow Hair Fashion,27.62万,真人发全机制头套,1%,1799,140.51%,$12.89万,3.74万,$205.09万
18,369,[30inch only $118]Zlzlblbl 13x6 Deep Wave Lace Front Wig Human Hair Pre Plucked 99J Burgundy HD Lace Front Wigs Wine Red Colored Transparent Lace Front Wig Human Hair Pre Plucked With Baby Hair tiktokshopspringglowup Kinky Curly Wig,$64.00 - 171.00,,美国,Zlzlblbl Hair Factory Store,11.86万,真人发前蕾丝头套,1%,1793,46.01%,$12.45万,5179,$37.03万
18,370,S925 Silver Stud Earrings - Classic &Fashion Ear Jewelry Perfect Birthday Mother'sDay Unisex Gift for Men Women Wedding Set,$10.99 - 17.49,,美国,Blink n Bling,6.82万,耳环,16%,1792,1471.93%,$2.23万,1.07万,$12.04万
19,381,1Pack Satin Hair Scrunchies for Women - Glossy Satin Scrunchies for Hair Satin Scrunchies for Girls Holiday Gift Silk Hair Tie No Damage Cute Satin Hair Scrunchie for Styling,$15.99,,美国,UA HAIR,12.60万,头绳,10%,1764,-32.9%,$3.14万,2.19万,$36.55万
19,382,"Hair Clips 2 Pack – Professional Alligator Clips For Hair, Hair Clips For Styling, Hair Styling Clips, Aligator Clips, Salon Hair Clips, Plastic Hair Clips",$15.99,,美国,UA HAIR,12.60万,发夹发簪,10%,1764,-32.85%,$3.11万,2.19万,$36.59万
19,383,"3 pieces No Bend Hair Clips, No Crease Hair Clips, Pin Curl Hair Clips for Makeup Hair Styling",$15.99,,美国,UA HAIR,12.60万,发夹发簪,10%,1764,-32.85%,$3.13万,2.19万,$36.76万
19,384,"Women's Cute Car Bow Decor - Girly Car Accessories, Waterproof Vehicle Decoration, Exterior Accessories for SUV, Sedan & Motorcycle, Daily Driving & Photo Styling Ornament, Car Accessories Cute Car Decals Car Sticker Decal",$9.99,,美国,Embercraft,22.31万,服饰配件套装,14%,1761,256.48%,$1.86万,2795,$2.95万
19,385,YADOCA Hypoallergenic Stud Earrings for Women Men Silver Earrings for Sensitive Ears - 6/8/10mm Cubic Zirconia Earrings Studs-Gold Plated Simulated Diamond CZ Halo Earrings 2/4Pairs Flat Pierced Jewelry accessories,$14.00 - 17.00,,美国,YADOCA JEWELRY,2.59万,耳环,10%,1756,1210.45%,$2.63万,7678,$10.95万
19,386,"Full Shine Butterfly Weft Hair Extensions Real Human Hair Hole Weft Invisible Genius Weft #TikTokShopDealsforYouDays #SummerWins #SummerVibes,summerwins, Human Hair Bundles, Extensions Hair",$28.70,,美国,FullShineHair Store,1.61万,真人发接发&发片,11%,1741,28.01%,$5.73万,6973,$26.45万
19,387,[Blend Natural]UNice Upgrade V Part Glueless Kinky Straight Human Hair Wig with Drawstring No Leave Out Beginner Friendly Easy to Install Summer Wig SummerArrvials #SoHoChic #TikTokShopBackToSchool,$75.00 - 153.00,,美国,UNICE,52.15万,真人发全机制头套,3%,1741,200.17%,$13.53万,1.13万,$75.17万
19,388,"Women's S925 Real Silver Needle Pearl Ear Studs - Elegant, Modern Female Women's Fashion Jewelry, Niche, Simple, Versatile Accessory for Any Occasion",$4.10,,美国,ExaltedShose,12.15万,耳环,17.5%,1734,156.89%,$1.19万,1.84万,$12.96万
19,389,"ViewSelect Blue Light Blocking Progressive Reading Glasses with Spring Hinge - HD Anti-Fatigue Computer Readers for Men & Women (Black, Orange, Clear)",$10.00,,美国,Blink n Bling,6.82万,镜框与镜片,10%,1733,35.07%,$2.28万,3484,$4.18万
19,390,"Unisex Modern Leather Eyeglasses Case - Lightweight Soft Zippered Pouch with Belt Loop Clip, Portable Sunglasses Organizer for Adults, Men's Accessories, Youth, Teenager, Travel, Camping",$7.59 - 12.99,,美国,Xuudoo,2.28万,眼镜盒与配件,10%,1730,-,$1.48万,1731,$1.48万
20,401,"Elegant Leopard Print Shawl Set With Scarf, Casual Loose-Fit Scarf for Women, Sun Protection Beach Accessory, All-Season Fashion, Fashion Shawl Wrap",$14.27 - 14.52,,美国,IROJEFF,90.35万,围巾&围脖,8%,1701,180.69%,$2.37万,1.67万,$24.59万
20,402,"CATERSIDE Men's Classic Square Sunglasses, Vintage Punk Style with Tinted Lenses, UV400 Sun Protective Fashion Accessories, Classic Sunglasses, Sun Protective Sunglasses",$18.90 - 20.51,,美国,CATERSIDE VISION Store,5814,太阳镜,8%,1692,118.32%,$3.81万,3398,$7.51万
20,403,"Mini Makeup Bag with Partitions & Zipper, Portable Cosmetic Organizer for Lipstick & Essentials, Ideal for Airplane Travel & Daily Use, Fashion Accessory for Adults, Women's Gifts, Gifts for Women, Womens Gifts",$9.00,,美国,Embercraft,22.31万,服饰配件套装,13%,1684,1094.33%,$2.34万,2556,$3.43万
20,404,"Don't Let The Hard Days Win Inspire Bracelet - Stainless Steel & 18k Gold Plated Braided Design with Engraved Message - Adjustable Up to 10""",$7.75,,美国,Love U Gift,55.05万,手环与手链,8%,1683,101.08%,$1.63万,6.62万,$60.64万
20,405,"Women's Hairbands Set, Non Slip Headbands, Plastic Headband, Anti-Slip Wave Design, Retro Style Headband for Makeup & Skincare, Chic Headbands, Fashionable Hair Accessories",$1.38 - 2.22,,美国,Shenzhen Songlin,15.94万,发带发箍,8%,1680,-17.85%,$2807.42,7505,$1.50万
20,406,"Cross Necklace for Men, Layered Mens Cross Necklaces Stainless Steel Cross Pendant Cuban Link Rope Chain",$15.99 - 25.99,,美国,Bijou B1iss,7.34万,首饰套装,12.5%,1680,79.3%,$2.96万,9556,$15.82万
20,407,"Middle Finger FAFO Keychain Aluminum Alloy - Compact, Stylish, 3D Double-Sided Mirror Design, UV Protective Coating, Practical Fashion Accessory for Shopping Use",$10.99,,美国,Meme-Azon,3.17万,钥匙扣,10%,1679,1469.16%,$1.99万,1786,$2.12万
20,408,"ZHESHY Dainty Flower Necklace 14K Gold Plated Flower Collarbone Chain Women's Cute Simulated Diamond Necklace Personalized Fashion Gold Jewelry Gifts for Teen Girls, Mothers and Girlfriends",$9.69 - 9.99,,美国,ZHESHY,7206,项链,15%,1678,44.78%,$1.91万,4125,$4.50万
20,409,[Lowest Price Ever] New In P4/27 Highlight Burmese Curly Feather Crochet Human Hair for Miracle Knots/Boho Braids Pre-Separated 50g/Pack Time-Saving Wear #SummerWins #DealsForYouDays,$45.66 - 244.39,,美国,Glulaze Hair,5.94万,真人发接发&发片,3.5%,1672,636.56%,$8.23万,2280,$11.01万
20,410,"Men's Luminous Simple Quartz Business Watch - Stainless Steel Band, Gold Accents, Blue Dial with Date & Day Indicator, Men's Accessories, Thoughtful Birthday Gift for Boyfriend, Gifts For Boyfriend, Birthday Gifts For Bf",$17.00,,美国,Horizon Chrono,5624,男表,8%,1667,18.56%,$3.12万,3883,$6.85万
21,421,"Unisex Square Frame Blue Light Filter Glasses - Black & White Colorblock Lightweight Durable Plastic Fashion Frames Accessories, Anti-Eye Strain Gift for Women, Lightweight Durable Glasses, Bluelight Blocking,summer outifit,travel essentials",$13.98 - 16.99,,美国,Cozennn,2.89万,镜框与镜片,8%,1637,17.35%,$2.81万,2.25万,$40.51万
21,422,"Unisex Vintage Sunglasses Brow Bar Frame, Casual Trendy Half Rim Glasses, Metal Plastic Frame, All Seasons Wear, Decorative Lenses, Fashion Eyeglasses",$5.82,,美国,HyJex EYEWEAR,20.05万,镜框与镜片,8%,1634,15.4%,$2.42万,11.06万,$75.77万
21,423,GOOGOO Hair Extensions Seamless Clip in Human Hair Extensions Natural Straight Hair summer hairstyles #tiktokshopbacktoschool #sohochic,$29.06 - 301.19,,美国,GOO GOO,43.77万,真人发接发&发片,5%,1633,6.59%,$5.71万,3.56万,$235.46万
21,424,OQ HAIR Highlight 4/27 Burmese Curly Crochet Human Hair With Miracle Knots Boho Braids Time-Saving Wear #SohoChic #TikTokShopBackToSchool,$61.18 - 276.18,,美国,OQ HAIR SHOP,112.19万,真人发全机制头套,3%,1632,95.68%,$11.10万,3979,$28.20万
21,425,[Cheapest] Mamushow Feather Crochet Human Hair Bundles for Miracle Knots Human Hair Burmese Curly Pre-Separated 50g/Pack Reusable Invisible 100% Virgin Human Hair Crochet Extensions Natural Black #TikTokShopBackToSchool#SohoChic,$48.00,,美国,Mamushow Hair Fashion,27.62万,真人发接发&发片,1%,1628,8.39%,$8.62万,1.67万,$152.95万
21,426,Stretchy Scrunchie Lanyard for ID Badges – Cute Neck Lanyard for Keys | Retractable Keychain Holder for Women,$4.00,,美国,OBOEY Deals,7.18万,钥匙扣,10%,1628,3030.77%,$7937.36,7457,$3.48万
21,427,JASGOOD Women Leather Belt for Jeans Pants Fashion Ladies Skinny Faux Leather Belt with Gold Buckle,$14.70 - 21.60,,美国,JASGOOD,10.87万,皮带,10%,1626,31.66%,$2.74万,1.37万,$26.26万
21,428,"Hip Hop Twist Chain Necklace & Rhinestone Cross Pendant Necklace for Daily Decoration, Stainless Steel Jewelry for Men & Women, Classic Jewelry for Gift",$3.47 - 28.02,,美国,ZIDOM Hiphop Store,31.64万,项链,8%,1623,29.01%,$6140.31,9.26万,$49.01万
21,429,"Women's Reversible Sleep Hat, Double Layer Bonnet for Sleeping & Makeup, Pink Color Reversible Extended Length Sleep Bonnet, Sleeping Cap, Hair Cap for Sleep",$1.80 - 2.00,,美国,DeeJey Hair Accessories,44.70万,帽子,8%,1617,233.4%,$2906.31,3.04万,$7.84万
21,430,"Unisex New Summer Sunglasses, Trendy Street Style UV Protection Shades, Fashionable Retro Sunglasses for Men & Women",$4.24,,美国,YI SHENG SUNGLASSES,5.29万,太阳镜,8%,1614,-1.1%,$1.20万,4399,$2.67万
22,441,CORIIANA Curly Short Bob Glueless Wigs Human Hair Ready To Wear Deep Wave Human Hair Wig Wet An Wavy 6x4 HD Lace Closure Wigs For Black Women Pre Plucked Beginner Friendly 180%,$59.00 - 122.00,,美国,CORIIANA BEAUTY,6.48万,真人发发块头套,5%,1580,-20.44%,$9.75万,2.41万,$141.61万
22,442,Karlami Hair Burmese Curly Bundles with Spriral End 3c4a Quick Weave Pixie Curly Bundles Human Hair 14-30inch Loose Deep Wave 100% Virgin Body Wave Bundles Sew in Extension Straight Bundles with 5x5 Closure Human Hair Bundles for Women Natural Black,$37.00,,美国,Karlami Hair Vendor,6.05万,真人发接发&发片,1%,1579,10.5%,$7.32万,1.25万,$54.50万
22,443,"2026 Women's Vintage Square Oversized Sunglasses - Retro Framework, PC-Plastic Large Statement Frames, Full Protection, Vintage Charm for Travel, Beach Wear, Statement Frame Glasses, Enhanced Coverage, One Size, Full-Frame",$10.29,,美国,VGO SHOP,2.37万,太阳镜,12%,1577,-68.5%,$1.82万,8565,$9.87万
22,444,"Simple Minimalist Square Frame Eyeglasses Plastic Eyewear for Women & Men, Square Frames Eyeglasses, Summer Outfits 2024 Eyeglasses for Work, Daily Clothing Decor, Student Daily Use",$2.97,,美国,SOLOSE,72.26万,镜框与镜片,8%,1573,4.45%,$9941.72,9.07万,$21.82万
22,445,"14K Laminated Heart Necklace for Women, 2mm Gold Chain, Elegant Heart Pendant, Gift for Mom & Her",$16.00 - 18.00,,美国,BRILLO ETERNO,1.77万,项链,16.5%,1562,532.39%,$2.40万,3126,$4.67万
22,446,Men's Wallet RFID Slim Smart Wallet Card Holder with AirTag Holder Leather Carbon Fiber Minimalist Pop Up Wallet 9-14 Card Capacity ID Window Cash Slot for Everyday Carry Front Pocket Travel Gift for Men,$12.50,,美国,Chic Odyssey,4.93万,首饰套装,6%,1561,550.42%,$2.35万,1.16万,$18.36万
22,447,"2025 Trendy Self-Adhesive Stud Stickers – Faux Piercing for Ears, Nose, Lips & Brows!",$7.99 - 16.99,,美国,xoriginal,1.78万,身体饰品,12%,1560,71.05%,$1.39万,9245,$7.28万
22,448,"Yaki Curly V Part Wig 26 Inch, Synthetic Half Wig Glueless U Part, Flip Curls, Natural, for Women, Daily Party Use, Natural Looking Wig, Glueless Wavy Wig",$24.00,,美国,LADY MIRANDA,3.11万,化纤全机制头套,8%,1559,149.84%,$2.93万,2523,$4.48万
22,449,"Frameless Glasses with Blue Light Blocking - HD Clear Lenses & Sparkling Diamond-Cut Edges, Fashion Metal Temples for Women Men, Computer Gaming Readers, Daily Street Style Eyewear",$11.90 - 15.90,,美国,StarH,4.05万,镜框与镜片,15%,1558,-31.4%,$2.03万,9790,$12.86万
22,450,"Unisex Vintage Square Frame Sunglasses, Trendy Casual Sunglasses for Travel Use, Fashion Accessories for Outdoor Activities, Trendy Streetwear Sunglasses, Stylish Sunglasses, Square Framed Sunglasses, Fashionable Sunglasses, Trendy Styling Sunglasses",$1.48,,美国,Shining Land,6.73万,太阳镜,8%,1553,-10.64%,$2443.59,2.45万,$7.79万
23,461,"Men's 2-Piece Buckleless Elastic Waist Belt, Casual Hook-and-Loop Closure Belts for Adjustable Fit, Men's Accessories Elastic Waist Band, Accessories Adults, Guys Gifts, Gifts For Him, Mens Gifts",$9.90,,美国,LDK Tool,1.08万,皮带,14%,1524,-29.48%,$1.71万,6660,$9.89万
23,462,Lyrasses Black Photochromic Square Glasses Anti-Blue Light & Photochromic Unisex Fashion Frames Big Head Friendly Perfect for Beach Business Party Trendy Daily Accessory Ideal Gift Idea No-Makeup Essential Anti Eyestrain Eyewear,$7.89 - 10.69,,美国,Lyrasses,2.38万,镜框与镜片,7%,1520,33.8%,$1.43万,1.24万,$11.66万
23,463,"VORTENEA Satin-Lined Skull Cap with Embroidered Cross - Machine Washable, Prevents Frizz, Retains Moisture, Comfortable Fit",$24.99 - 69.99,,美国,Vortenea,1.21万,帽子,12.5%,1520,286.77%,$4.13万,7574,$19.65万
23,464,"18G Stainless Steel Nose Ring, 8mm Horseshoe Hoop with 3mm Cubic Zirconia, Threaded Nose Piercing for Women, Ball Holder Included - Casual Everyday Wear, Womens Gifts, Threaded Fit, Female, Ball Holder Accessory, Free Auxiliary Tool Ball Holder",$7.74 - 8.72,,美国,MULKUL Fashion,1.39万,身体饰品,12%,1517,147.07%,$1.51万,8753,$8.47万
23,465,"【Men Gifts】Cross Necklace for Men, Silver Tone/Gold Plated Mens Cross Necklaces with 3.5mm Cuban Chain 16-26 Inch",$6.99 - 20.99,,美国,Bijou B1iss,7.34万,项链,10%,1515,84.31%,$1.15万,2.10万,$20.98万
23,466,DIFF Cameron Oversized Polarized Navigator Sunglasses for Men and Women,$65.66 - 70.79,,美国,DIFF EYEWEAR,6.56万,太阳镜,10%,1515,-29.34%,$11.42万,6116,$45.97万
23,467,Bling Hair Human Hair Body Wave Crochet Braids Extensions Knotless Pre-Separated Miracle Knots Crochet Hair Lightweight Soft Natural Look Protective Style Boho Braids Vacation Hair Summer Hair 50g/Pack#SummerWins #DealsForYouDays,$27.39 - 319.14,,美国,Bling Hair VIP Store,16.38万,发带发箍,5%,1510,-31.49%,$3.35万,4222,$9.40万
23,468,"EC 50g Fluffy Hair Topper for Women with Thinning Hair | 14in Free Parting Straight Natural-Looking Hairpiece with 3 Anti-Slip Clips | Hand-Knotted Breathable Lace Base | Full Crown Coverage, Gray Root Coverage & Instant Volume",$32.88 - 33.99,,美国,EC Wigs Shop,6408,化纤接发&发片,15%,1510,11515.38%,$4.71万,1590,$5.01万
23,469,"The MULA S925 silver-plated firefly ring, with its elegant and luxurious fluorescent design, is the perfect gift for girls, ladies, and nature lovers. (Zircon-set nature-inspired ring)",$11.95,,美国,MULA Fashion Jewerly,19.21万,戒指,10%,1506,185.23%,$1.85万,1.08万,$11.59万
23,470,"Lace Wig Grip Cap for Women,Glueless Wig 4x5 Lace Reusable Wig Cap for Lace Front Wigs to Keep Wigs in Place,Adjustable Wig Cap with Grip Band Non Slip Cap#tiktokshopbacktoschoo#SummerWinsl",$9.59 - 9.69,,美国,SZ General merchandise Co Ltd,6.73万,接发与假发配件,20%,1505,136.26%,$1.67万,1.37万,$13.10万
24,471,"Obsidian & Black Tourmaline Bracelet - Manifestation & Protection Prosperity Crystal Beads Jewelry for Men & Women, Christmas Gift, Gifts for Mother's Day, Valentine's, Birthday, Anniversary, Black Grounding Stone Beaded Bracelet backtoschool",$7.00 - 10.00,,美国,Charmed Matrix,7.56万,手环与手链,1%,1504,42.56%,$1.12万,1.21万,$7.67万
24,472,"Women's Glitter Decor Scarf, Elegant Scarf for Daily Wear, Casual Trendy Scarf for Women, Trendy All-match & Exquisite Scarf for Birthday Gift, Scarf for Hair",$3.50 - 4.90,,美国,LMLAVEN Apparel Accessories,16.50万,围巾&围脖,8%,1503,17.15%,$7537.05,2.53万,$17.42万
24,473,NOT FOR SALE - STERLY Wig Cap (Random Color),$49.90,,美国,Sterly Hair Shop,16.19万,发带发箍,1%,1500,164.55%,$8.29万,5297,$22.64万
24,474,"【summerwins】Women's Luxury Gold Tone Analog Watch - Modern Fashionable Wristwatch with Simple Scale Square Dial, Gold Plated, Self-Size Adjuster, Gift Box, High Quality Watch for Mom, High Quality Watches",$14.99 - 16.99,,美国,New Pioneers Shop,6.59万,女表,10%,1499,23.48%,$2.56万,1.14万,$19.00万
24,475,"Women's Floral Print Long Robe Dress & Scarf Set, Boho Casual Shawl Dress & Scarf Set for Beach Vacation Holiday, Ladies Clothes for All Seasons",$10.87,,美国,IROJEFF,90.35万,围巾&围脖,8%,1496,81.33%,$2.02万,6.11万,$75.42万
24,476,"ShineThru Men's 6-Pair Metal Rimless Sleek Rectangular Trendy Sunglasses - PC Gradient Lenses, UV-Protection Lens, Stylish Glasses, Unisex Men's Accessories for Daily Commuting, Outdoor Activities",$16.30,,美国,ShineThru,14.03万,太阳镜,13%,1493,-8.07%,$2.79万,1.59万,$27.93万
24,477,"Holylegend 14K Real Gold-Plated Royal Monaco Cuban Necklace,Hypoallergenic Gold Plated Cuban Link Chain, Italian Jewelry for Men & Women, Gift for Fashion Lovers,Father's Day Gift",$31.40 - 69.20,,美国,Holylegend Jewelry USA,27.58万,项链,12%,1493,275.13%,$4.73万,7221,$24.40万
24,478,"Vintage Silver-Tone Witchy Symbolic Bracelet - Pagan-Inspired Lightweight Costume Jewelry with Moon, Sun, Tree of Life, Owl, Pentagram, Feather Charms - Celestial Gothic Boho Halloween Gift for Alternative Style, Adjustable, Daily Wear",$9.69,,美国,Jadeglow Lane,1.34万,手环与手链,15.5%,1491,-,$1.66万,1510,$1.68万
24,479,"Men's Watch Set, Creative Snake Head Blue Light Glass, Rotary Steel Band Watch + Pixiu Bead Bracelet, 2pcs/set, All Seasons",$6.50 - 8.12,,美国,Jusmi Watch,12.05万,男表,8%,1488,500%,$1.43万,5534,$5.38万
24,480,"Magnetic Ear Clips for Unpierced Ears, Non Pierced Earrings, Zirconium Stone Jewelry, Punk Style, All-Seasons Accessory, Comfortable Material, Unisex Design",$1.33,,美国,SHU trend Jewelry,2560,耳环,8%,1487,2815.69%,$2498.4,1540,$2586.1
25,481,"Classic Style Reading Glasses for Men and Women, Lightweight Metal Frame, Ideal for Reading and Craft Work",$12.89,,美国,hat house shop,1522,镜框与镜片,1%,1486,74200%,$1.52万,1488,$1.52万
25,482,"9pcs Nose Ring Jewelry Shape Nose Ring Copper Non Piercing Nose Rings, U Shape Star Love Crown Nose Clip with Zirconia shape nose nose ring nose ring Punk Rhinestone Clip-On Gold gold nose protection bracelet cross septum Stainless Steel Charm summerwi",$8.90,,美国,Arpurraina,20.69万,身体饰品,15%,1484,17.78%,$1.47万,2.19万,$21.64万
25,483,Scrunchies Fluffy Bobbles Hair Elastic Ponytail Holder Soft for Women Girls 10 Random Colors Free Gift,$29.99,,美国,QinMei Hair Fashion,9.31万,头绳,3%,1480,40.82%,$4.91万,9578,$31.99万
25,484,"2-Piece Leopard Print Shawl Set, Elegant Fitted Cape and Headscarf, Sun Protection Scarf for Beach, Swim Cover Up, All-Season Fashion Accessory",$10.69,,美国,IROJEFF,90.35万,围巾&围脖,8%,1478,3337.21%,$1.91万,1750,$2.19万
25,485,"Boys&Hood 8A High Quality Honeycomb Diamond Grillz, Hiphop Streetwear Teeth-Dental Accessory, Men's Funky Unique Costume Body Jewelry Set, Teeth Accessory, Funky Unique Accessories",$19.99,,美国,Boys Hood,5476,身体饰品,12%,1474,269.42%,$3.22万,4191,$9.03万
25,486,Cephemer Wispy Bangs Clip in Hair Extensions Lightweight Air Bangs Synthetic Fiber Hairpieces for Women Easy to Wear All Day Comfort for Daily Party,$10.70 - 11.00,,美国,Cephermer,2.11万,化纤接发&发片,10%,1468,406.21%,$1.69万,9453,$10.28万
25,487,CASSIECA 11pairs Flat Back Earrings Stack for Women Cartilage Earrings Stacks-20G Surgical Stainless Steel Flatback Hypoallergenic Stud Hoop Earring Set Daith Conch Tragus Helix Piercing Jewelry Summervibes,$15.00,,美国,CASSIECA,9.92万,耳环,1%,1466,388.67%,$2.54万,4453,$7.54万
25,488,"18k Gold Constellation Necklace & Pendant - Gold Necklace for Women & Men, Tarnish & Water Resistant, Birthday Gifts for Women & Menwelry",$5.99 - 16.49,,美国,VOLDNE,2.44万,项链,10%,1464,5756%,$8349.93,2049,$1.27万
25,489,"Moomoo Women's 2 Piece Sets, Bohemian Peacock & Plants Satin Cape Robe with Scarf, Plus Size Friendly Maxi Cover Up for Resort, Hand Wash, Bathing Suit, Beach Wear, Bathing Suit Cover, Silky, Bikini Coverup, Moo Moo For Women, Stylish Women's Wear",$8.90 - 16.99,,美国,Laruda-oula,3.09万,围巾&围脖,10%,1461,8016.67%,$1.57万,3879,$4.37万
25,490,"3CT Square Halo Ring, 5A CZ Wedding Band for Women, Engagement Ring Jewelry Promise Ring Gift for Her Bridal Rings Statement Ring",$23.27,,美国,JJ Chic,13.98万,戒指,15%,1460,734.29%,$3.62万,2640,$6.63万
26,491,YoungSee Micro Loop Hair Extensions Human Hair micro ring pre bonded Soft and Silky Hair Extensions for Women Micro Ring Extension Human Hair 100% Real Human Hair Summer braids half wig summer hair style glueless wig#summerwins #DealsForYouDays,$20.00 - 159.00,,美国,YoungSee Hair,8.76万,真人发接发&发片,9%,1459,-10.22%,$2.95万,1.28万,$29.40万
26,492,"Inspire Bracelet ""GOD IS IN CONTROL""/""DIOS TIENE EL CONTROL"" - Premium Artistic Engraving, Stainless Steel & 18k Gold Plated, Adjustable Up to 10in, Meaningful & Visually Appealing Jewelry, English and Spanish, Perfect Mother's Day Gift, SummerVibes",$8.71,,美国,SnugSpark Studio,1.80万,手环与手链,12%,1459,2110.61%,$1.40万,7948,$7.68万
26,493,"4pcs Simple Style Copper Zircon Ear Cuffs, Magnetic Design Unisex Jewelry Gift, Casual All-Season Accessory for Daily Wear, All Weather Earrings, Cubic Zirconia Earrings, Cubic Zirconia Studs, Casual Earrings Set",$2.29 - 4.37,,美国,Rakol,12.88万,耳环,8%,1458,-24.65%,$3632.24,2.11万,$6.25万
26,494,Youngsee 16-28 inches butterfly weft hair extensions ovo weft genius pu weft hole butterfly hair extensions human hair XO weft human hair extensions straight hair real human glueless wig #summerwins #DealsForYouDays,$36.00 - 162.00,,美国,YoungSee Hair,8.76万,真人发接发&发片,9%,1457,6.2%,$4.95万,8981,$35.17万
26,495,WIGCHIC Raw Cambodian Hair Bundles Body Wave Extensions for Sew In Quick Weave Double Drawn Thick Ends Ultra-Flat Seamless Weft 1/3/4 Pcs,$44.20 - 512.20,,美国,WIGCHIC Hair,1.70万,真人发接发&发片,5%,1456,123.31%,$7.00万,2209,$10.89万
26,496,"3 Piece U-Shaped Non-Piercing Nose Ring Clips, Fake Piercing, Elegant Sparkling Daily Party Jewelry, Chic Body Jewelry, Comfortable Clip-On Nose Cuffs for Unpierced Nostrils",$2.48,,美国,Crazy body jewelry,8.62万,身体饰品,8%,1455,12.97%,$3872.37,3787,$1.06万
26,497,Vintage Japanese Streetwear Snapback Cap | Retro Hip-Hop Duckbill Hat for Men | Breathable Quick-Dry Polyester | Lightweight Non-Stretch Baseball Cap | Urban Fashion Accessory,$11.88 - 11.89,,美国,Yunxin store,2.00万,帽子,10%,1453,-62.91%,$2.03万,9049,$12.10万
26,498,[Super Deal] Hot Star 40Inch 613 Blonde Body Wave 13x6 HD Transparent Lace Frontal Human Hair Wigs 180% Density Brazilian Hiar Straight 13x4 Lace Front Human Hair Wigs,$68.99 - 282.99,,美国,Hot Star Hair,47.40万,真人发前蕾丝头套,1%,1451,64.33%,$11.13万,1.53万,$97.52万
26,499,"3/5/7/9/11mm Stainless Steel Silver Color Cuban Curb Chain Necklace Choker 16-30"" for Men Women Daily Jewelry Christmas Gift",$8.89 - 19.58,,美国,Hermah store,16.20万,项链,20%,1451,-26.01%,$1.42万,4.26万,$41.01万
26,500,"Vinisay 15A Body Wave Raw Human Hair Bundles with 4x4 Closure, Blonde Brown Highlight #T1B/P4/27 Hair Extension, Unprocessed Virgin Weave for Women, Soft, Elastic, Breathable, Casual, All Weather, Elasticity, Breathability, Bundles Of Human Hair",$22.86 - 347.37,,美国,Vinisay Hair Shop,3.73万,真人发接发&发片,1%,1449,3713.16%,$3.71万,2654,$7.29万
