rank,name,price,sales7,gmv7,sales_total,gmv_total,commission,listed_days,shop,category,rating,reviews,source,price_score,growth_score,commission_score,competition_score,lifecycle_score,shop_score,market_heat,viability,potential,markers
4,"#1 Bracelets, earrings, etc. 8/18",12.0,594.0,7128.0,594.0,7128.0,,4,Letis Love,时尚配件,,,products_new_us.csv,100.0,87.4,60.0,20.0,100.0,60.0,91.2,66.0,74.2,暴涨新星;价格战红海
5,Auction!!!Only 1$!!!gogogo!!!,12.0,561.0,2.04,564.0,6768.0,,4,Beam Jewelry,时尚配件,,,products_new_us.csv,100.0,85.9,60.0,20.0,100.0,60.0,90.1,66.0,73.8,暴涨新星;价格战红海
369,"Jelly Cat Baseball Plush Bag Charm Collection, Adorable Plush Keychain, Cute Soft Coffee Bag Accessory, Adorable Cloud Gift for Her, Bag Charm",15.6,4.0,62.4,4.0,56.24,20.0,4,Cuddle Loop,时尚配件,,,products_new_us.csv,100.0,63.9,100.0,20.0,100.0,60.0,74.8,76.0,73.2,价格战红海;高佣爆款
405,"Men's 2-in-1 Photochromic Semi-Rim Square Eyeglasses - Blue Light Blocking Indoor-Outdoor Glasses, Auto-Darken UV-Shielding Sunglasses with Free Leather Case & Lens Cloth",9.99,3.0,29.97,3.0,29.97,17.0,4,ChromaVue,时尚配件,,,products_new_us.csv,100.0,63.9,85.0,20.0,100.0,60.0,74.7,72.2,70.9,价格战红海;高佣爆款
125,"Alphabet Letter Necklace - Double Layer Custom Initial Pendant with Stainless Steel Cuban Link Chain, Fashion Pendant Necklace for Party Wear, Stainless Steel Jewelry",11.98,28.0,335.44,28.0,335.44,16.5,4,GJK2 shop,时尚配件,,,products_new_us.csv,100.0,64.9,82.5,20.0,100.0,60.0,75.4,71.6,70.8,价格战红海;高佣爆款
128,"Women's Trendy Checkered Vegan Leather Belt Bag with Adjustable Strap, Aesthetic Crossbody Sling Chest Purse, Casual Waist Handbag for Holiday Travel Festival Essentials,clothes for back to school,first day of school outfits",13.99,26.0,363.74,26.0,363.74,16.5,4,TRUE78 shop,时尚配件,,,products_new_us.csv,100.0,64.8,82.5,20.0,100.0,60.0,75.4,71.6,70.8,价格战红海;高佣爆款
149,"Western Belt Buckle - Longhorn, Praying Cowboy, and Bull rider Design Fashion Accessory",19.99,21.0,419.79,21.0,419.79,16.5,4,Ventura Western Wear,时尚配件,,,products_new_us.csv,100.0,64.6,82.5,20.0,100.0,60.0,75.2,71.6,70.8,价格战红海;高佣爆款
229,"Royal Blue 1988 Los Angeles Embroidered Snapback Cap - Polyester Blend-Cotton, Daily Letter Embroidery Hat for Teens, Retro Streetwise Sun Protection Skateboard Cap, 1988 Embroidery, Baseball Cap",6.0,10.0,70.7,10.0,70.7,16.5,4,MinimalGleam-H,时尚配件,,,products_new_us.csv,100.0,64.2,82.5,20.0,100.0,60.0,74.9,71.6,70.6,价格战红海;高佣爆款
266,"1 Piece Men's Tactical Sports Belt, Quick Release Symmetrical Buckle, Polyester Fiber, Suitable for Outdoor Training Military",8.4,7.0,58.52,7.0,58.52,16.5,4,Leather Lanee,时尚配件,,,products_new_us.csv,100.0,64.1,82.5,20.0,100.0,60.0,74.8,71.6,70.6,价格战红海;高佣爆款
48,"Women’s Crochet Clutch Bag – Lightweight Woven Cloud & Dumpling Design Ruched Knitted Fashion Purse,",10.99,91.0,910.0,91.0,909.62,15.0,4,JFSIN shop,时尚配件,,,products_new_us.csv,100.0,67.4,75.0,20.0,100.0,60.0,77.2,69.8,70.5,价格战红海
486,4 Pcs 14K Gold Plated 1.3mm Thin Stackable Rings for Women - Minimalist Non Tarnish Half Cubic Zirconia Band Rings - Dainty Trendy Statement Stacking Rings Set Size 5-9,15.09,2.0,30.18,2.0,30.18,16.5,4,Sanfenly Jewelry,时尚配件,,,products_new_us.csv,100.0,63.9,82.5,20.0,100.0,60.0,74.7,71.6,70.5,价格战红海;高佣爆款
492,"Double Gem C Shape Nose Ring Piercing Kit, Round & Heart Shiny Stone Hoop Nose Stud Set with Piercing Tool, Cute Curved Septum Rings Jewelry for Women Daily Body Piercing Decor",5.99,2.0,11.98,2.0,11.98,16.5,4,UniKey Hub,时尚配件,,,products_new_us.csv,100.0,63.9,82.5,20.0,100.0,60.0,74.7,71.6,70.5,价格战红海;高佣爆款
382,Skeleton SassCan Tab Opener Keychain – 3D Printed Middle Finger Nail Saver Soda Can Opener – Drink Tab Helper Accessory – Handmade Keychain Gift,5.0,4.0,23.64,4.0,23.64,15.5,4,LRB Handmade Creations,时尚配件,,,products_new_us.csv,100.0,63.9,77.5,20.0,100.0,60.0,74.8,70.4,69.8,价格战红海
385,"8 Pack Glass Food Storage Containers with Airtight Lids, Glass Meal Prep Containers, Lunch Office Meal for Microwave, Oven, Freezer and Dishwasher, BPA Free",19.9,4.0,79.6,4.0,79.64,15.5,4,Rappold,时尚配件,,,products_new_us.csv,100.0,63.9,77.5,20.0,100.0,60.0,74.8,70.4,69.8,价格战红海
403,"# 0361 14k Gold Plated Diamond Accent Earrings, High-Quality Glamorous Jewelry for Formal Events, Casual Occasions",17.99,3.0,53.97,3.0,53.97,15.5,4,Andrea Joyas laminadas,时尚配件,,,products_new_us.csv,100.0,63.9,77.5,20.0,100.0,60.0,74.7,70.4,69.8,价格战红海
422,"Retro cross red copper bracelet, with built-in strong magnet. The opening can be adjusted freely in size. It has an aged retro look and is suitable for both men and women. It's the perfect gift for giving or keeping yourself!",7.9,3.0,23.7,3.0,23.7,15.5,4,HELLO-M,时尚配件,,,products_new_us.csv,100.0,63.9,77.5,20.0,100.0,60.0,74.7,70.4,69.8,价格战红海
8,"Handmade Knit Doll Pendant - Sunflower Resin Maria Figurine, DIY Craft Kit, Car Decorating Accessory for Cars with Flower Motifs, Unique Gift Idea",11.99,492.0,5606.08,870.0,1.03,12.0,4,GlowWeavepei,时尚配件,,,products_new_us.csv,100.0,72.4,60.0,20.0,100.0,60.0,80.7,66.0,69.7,价格战红海
126,2pcs Crystal Ball Twisted Barbell Earring for Women - Elegant Disco Ball Lobe Jewelry with Double Screw Back Design,7.99,27.0,215.73,27.0,215.73,15.0,4,Xara Studio,时尚配件,,,products_new_us.csv,100.0,64.9,75.0,20.0,100.0,60.0,75.4,69.8,69.7,价格战红海
143,Women's Flower Pearl Earrings - Lightweight Costume Statement Jewelry for Daily Wear,10.77,23.0,247.71,23.0,332.35,15.0,4,SweetheartShop,时尚配件,,,products_new_us.csv,100.0,64.7,75.0,20.0,100.0,60.0,75.3,69.8,69.7,价格战红海
150,"(MTO) Handmade Cherry Red French Tip 3D Flower Long Stiletto Press-On Nails, Rhinestone Decor, Reusable Wearable Art, Novelty Fashion Hand Accessories with Creativity, Like the Picture, Check Size Guide",20.69,21.0,434.49,21.0,434.49,15.0,4,Bubble NailArt,时尚配件,,,products_new_us.csv,100.0,64.6,75.0,20.0,100.0,60.0,75.2,69.8,69.6,价格战红海
161,"Women's Bohemian Golden Butterfly Marble Bead Bracelet - Turquoise Pink Glazed Stone Fashion Jewelry, Sports & Outdoor Protective Gear Accessory, Ideal Gift for Parties-Festivals, Exquisite Trendy Bracelet, Fashionable Bracelet",9.99,18.0,179.82,18.0,179.82,15.0,4,Xara Studio,时尚配件,,,products_new_us.csv,100.0,64.5,75.0,20.0,100.0,60.0,75.2,69.8,69.6,价格战红海
165,"Women's Elegant Statement Belt - 1 Circular Waist Chain Links Decorative Accessory, Versatile Autumn 1-Piece Female Belt, Stylish Accessories for Women",8.99,17.0,152.83,17.0,152.83,15.0,4,Xara Studio,时尚配件,,,products_new_us.csv,100.0,64.5,75.0,20.0,100.0,60.0,75.1,69.8,69.6,价格战红海
243,"Queendo 2-Piece Interwoven Hearts-X Shaped Anti-Tarnish Cuban Chain Jewelry Set, Matching Necklace & Bracelet with Hip-Hop Look, Ideal for Daily Wear, Anniversary Gift for Women & Men, Anti-Tarnish Coat",21.0,9.0,189.0,9.0,189.0,15.0,4,Queendo Jewelry,时尚配件,,,products_new_us.csv,100.0,64.1,75.0,20.0,100.0,60.0,74.9,69.8,69.5,价格战红海
263,"Unisex Classic 3-Piece Winter Knit Accessory Set - Windproof Hat, Touchscreen Gloves, Scarf, Neck Gaiter - 1 Size, 6 Colors - Ski, Daily Life Activities Gift for Winter Coats Wearers",11.89,7.0,83.23,7.0,83.23,15.0,4,EHOP shop,时尚配件,,,products_new_us.csv,100.0,64.1,75.0,20.0,100.0,60.0,74.8,69.8,69.5,价格战红海
,BLUE- 14K GOLD FINISH -NO CANCELATIONS,1.0,909.0,2016.0,979.0,979.0,,4,GoldenHour,时尚配件,,,products_new_us.csv,60.0,98.1,60.0,20.0,100.0,60.0,98.6,52.0,69.4,暴涨新星
68,"Men's Minimalistic RFID Wallet - Slim Carbon Fiber Pattern Synthetic Bifold Casual Wallet with Money Clip, Multi-Card Slots Credit Card Holder for Daily Travel, Basic, Slim Profile, Men's Wallet,clothes for back to school,first day of school outfits",8.6,68.0,611.32,68.0,611.32,14.0,4,Mr. Surprise,时尚配件,,,products_new_us.csv,100.0,66.5,70.0,20.0,100.0,60.0,76.5,68.5,69.4,价格战红海
309,"Two Tone Glitter Star Mini Crossbody Shoulder Bag for Women, Rhinestone Heart Buckle Pearl Bow Pendant Chain Purse Daily Dating",14.99,5.0,74.95,5.0,74.95,15.0,4,Noble Nest Shop,时尚配件,,,products_new_us.csv,100.0,64.0,75.0,20.0,100.0,60.0,74.8,69.8,69.4,价格战红海
329,"5Pcs Matte Banana Hair Clips, 90s Vintage Aesthetic Non-Slip Large Ponytail Holder Claw Clip, Elegant Neutral Hair Accessory For Thick Hair, Lazy Girl Styling Tool Ideal For Gifting",11.99,5.0,59.95,5.0,59.95,15.0,4,JUNE shop,时尚配件,,,products_new_us.csv,100.0,64.0,75.0,20.0,100.0,60.0,74.8,69.8,69.4,价格战红海
346,"Kawaii Dumpling Keychain, Cute Backpack Bag Charm for Girls, Glitter Steamed Bun Food Pendant, Novelty Key Ring Accessory, Back to School Gift Idea",9.0,4.0,35.97,4.0,35.96,15.0,4,StarJoy,时尚配件,,,products_new_us.csv,100.0,63.9,75.0,20.0,100.0,60.0,74.8,69.8,69.4,价格战红海
349,"Dopamine Chunky Colored Necklace - Golden Heart Pendant, Beaded Chain Accessory, Summer Beach Statement Costume Jewelry, Colored Necklaces, Golden Heart Necklace",10.0,4.0,40.0,4.0,39.99,15.0,4,DDBD shop,时尚配件,,,products_new_us.csv,100.0,63.9,75.0,20.0,100.0,60.0,74.8,69.8,69.4,价格战红海
366,"FOZONO Women's Retro Oversized Vintage Double Bridge Aviator Sunglasses - Tangle-Free, Modern Trendy, Trendy Styling Eyewear for Oval Face Shape Females, Modern Trendy Sunglasses",14.99,4.0,59.96,4.0,59.96,15.0,4,FOZONO EYEWEAR,时尚配件,,,products_new_us.csv,100.0,63.9,75.0,20.0,100.0,60.0,74.8,69.8,69.4,价格战红海
401,"Goose Costume for Porch Yard Goose Statue, Cute Outfit Dress‑Up Decor, Holiday Ornament for Halloween, Christmas, Outdoor Courtyard Festival Decoration",14.98,3.0,44.94,3.0,44.94,15.0,4,ORJ5163 shop,时尚配件,,,products_new_us.csv,100.0,63.9,75.0,20.0,100.0,60.0,74.7,69.8,69.4,价格战红海
402,"Women's Boho Layered Brown Leather Choker Necklace - Western Tassel Detail Lariat Form Y Necklace with Gold Teardrop Pendant, Adjustable Fit Statement Jewelry for Festival Outfits, Cowgirl Looks, Layered Look",9.99,3.0,29.97,3.0,29.97,15.0,4,Xara Studio,时尚配件,,,products_new_us.csv,100.0,63.9,75.0,20.0,100.0,60.0,74.7,69.8,69.4,价格战红海
421,"Mom Daughter Necklace Set, Heart Lock Matching Pendant Necklace for Mother and Child, Sentimental Keepsake Jewelry Gift, Cute Family Bond Necklace for Women and Girls, Perfect Mother's Day Gift, Birthday Present, Anniversary and Everyday Wear",8.99,3.0,26.97,3.0,26.97,15.0,4,IFAJ815 shop,时尚配件,,,products_new_us.csv,100.0,63.9,75.0,20.0,100.0,60.0,74.7,69.8,69.4,价格战红海
423,"Cute Leopard Print Teddy Fleece Hair Bonnet With Bear‑Ear Bow Ruffle Edge, Satin‑Lined Adjustable Large Size Heatless Sleep Hair Wrap, Hair Protect Cap For Curly Natural Hair, Night Skincare Makeup Women’s Gift",10.99,3.0,32.97,3.0,32.97,15.0,4,JUNE shop,时尚配件,,,products_new_us.csv,100.0,63.9,75.0,20.0,100.0,60.0,74.7,69.8,69.4,价格战红海
424,"Women's 2-Piece Fashion Headband Set with Clips - Retro Plain Polyester Twist Braid Tool, Non-Slip Toothed Skeleton Hair Accessories for Everyday Styling (Black & Brown), Fashion Headbands",8.99,3.0,26.97,3.0,26.97,15.0,4,JFSIN shop,时尚配件,,,products_new_us.csv,100.0,63.9,75.0,20.0,100.0,60.0,74.7,69.8,69.4,价格战红海
426,"Rimless Diamond Cut Black Metal Non-Prescription Eyeglasses - Women’s & Men’s Luxury Engraved Temple Fashion Retro Optical Frames, Black Metal Non-Prescription Glasses, Classic Round Frame Non-Prescription Glasses",7.8,3.0,23.4,3.0,23.4,15.0,4,Glaress,时尚配件,,,products_new_us.csv,100.0,63.9,75.0,20.0,100.0,60.0,74.7,69.8,69.4,价格战红海
430,"Colorful Cubic Zirconia Cross Necklace for Women, Gold Plated Copper Rainbow Crystal Pendant Necklace, Adjustable 17.7 + 2 in Chain, Dainty Faith Jewelry Gift for Her",12.9,3.0,38.7,3.0,38.73,15.0,4,Fellosazion,时尚配件,,,products_new_us.csv,100.0,63.9,75.0,20.0,100.0,60.0,74.7,69.8,69.4,价格战红海
482,"Unisex Square Silk Scarf Houndstooth Shemagh Print, Soft Breathable Multi-Style Tactical Head Wrap Bandana Neck Kerchief, Modest Muslim Hijab for Desert Outdoor & Holiday Gift",12.0,2.0,24.0,2.0,23.98,15.0,4,Noble Nest Shop,时尚配件,,,products_new_us.csv,100.0,63.9,75.0,20.0,100.0,60.0,74.7,69.8,69.4,价格战红海
86,"Unisex Classic Retro Oval Metal-Frame Sunglasses for Adults, UV Protection Eyewear, Sunglasses for Women, Travel Accessory for Street Shooting & Sunny Daily Use",10.99,46.0,505.54,46.0,505.54,14.0,4,Mr. Surprise,时尚配件,,,products_new_us.csv,100.0,65.6,70.0,20.0,100.0,60.0,75.9,68.5,69.2,价格战红海
183,"GRUMPY SPROUTS 3D Printed Collectable Bouncy Hair Clips, EDM Festivals & Festival Outfits Hat Accessory, Assorted Pack of 3, Base Music Fans",13.9,14.0,193.9,14.0,193.9,14.5,4,Lil Headbangers,时尚配件,,,products_new_us.csv,100.0,64.3,72.5,20.0,100.0,60.0,75.0,69.1,69.2,价格战红海
248,SCUBA - Scuba Fox - Pack of 3 Festival Sprout Clip / EDM Rave Hat Accessor,13.9,8.0,110.8,8.0,110.8,14.5,4,Lil Headbangers,时尚配件,,,products_new_us.csv,100.0,64.1,72.5,20.0,100.0,60.0,74.9,69.1,69.1,价格战红海
304,"“HA HA HE HU"" Bounce Sprout Hair Clip - EDM Festivals Accessory",11.0,6.0,66.36,6.0,66.36,14.5,4,Lil Headbangers,时尚配件,,,products_new_us.csv,100.0,64.0,72.5,20.0,100.0,60.0,74.8,69.1,69.1,价格战红海
345,GRIZ EDM Sprout - Pack of 3 Dubstep Festival Sprout Clip / EDM Rave Hat Accessory,13.7,4.0,54.8,4.0,54.8,14.5,4,Lil Headbangers,时尚配件,,,products_new_us.csv,100.0,63.9,72.5,20.0,100.0,60.0,74.8,69.1,69.1,价格战红海
383,"2026 Classic Flat Lens Bluelight Fashion Glasses, Unisex Full-Rim Plastic Square Frames, Anti-Eyestrain Eyewear, Ultra-Light Durable Men's Accessories, Suitable for Work & Daily Use, Clear-Tint Non-Prescription Glasses, Square Non-Prescription Glasses",9.9,4.0,39.6,4.0,39.6,14.5,4,THANHVLXDD10,时尚配件,,,products_new_us.csv,100.0,63.9,72.5,20.0,100.0,60.0,74.8,69.1,69.1,价格战红海
408,"RGB ZEDS DEAD Clip-On Hat Sprout Shape Hair Clips - 6-Pack, Dubstep Theme Festival Wear, EDM Party Accessory",13.1,3.0,39.24,3.0,39.24,14.5,4,Lil Headbangers,时尚配件,,,products_new_us.csv,100.0,63.9,72.5,20.0,100.0,60.0,74.7,69.1,69.0,价格战红海
443,"Zeds Dead Dubstep Sprouted Hair Clip Accessory - 3D Printed Collectable Hair Decor, Unisex Base Music Fans Party Item, 2 Pcs Designed for EDM Festivals, Rave Hat Accessory for Lil Headbangers, Sprout Clip",11.0,2.0,22.12,2.0,22.12,14.5,4,Lil Headbangers,时尚配件,,,products_new_us.csv,100.0,63.9,72.5,20.0,100.0,60.0,74.7,69.1,69.0,价格战红海
466,"Women's Hair Accessory Set - 1 Polka Dot Scrunchie, 10Pcs Luxury Smooth Soft Foam Heatless Hair Rollers, Overnight No-Heat Curl/Wave Maker, Haircare Styling Tools (Summer Clearance)",7.99,2.0,15.98,2.0,15.98,14.5,4,Blush KORBIN,时尚配件,,,products_new_us.csv,100.0,63.9,72.5,20.0,100.0,60.0,74.7,69.1,69.0,价格战红海
146,"Men's Minimalist Bifold Card Wallet, Large‑Capacity Credit Card Holder with Magnetic Money Clip, Portable Cash Storage Accessory for Daily Work Travel and Gift Selection",13.99,22.0,307.78,22.0,354.9,14.0,4,Mr. Surprise,时尚配件,,,products_new_us.csv,100.0,64.7,70.0,20.0,100.0,60.0,75.3,68.5,68.9,价格战红海
189,"Women Clear Frame Anti Blue Light Blocking Glasses, Simple Daily Eyeglasses Designed For Long Time Screen And Indoor Office Use",7.99,13.0,103.87,13.0,103.87,14.0,4,Mr. Surprise,时尚配件,,,products_new_us.csv,100.0,64.3,70.0,20.0,100.0,60.0,75.0,68.5,68.8,价格战红海
449,"9pcs 20G Stainless Steel Nose Piercings Set, With Planet, Butterfly, Heart, Star Nose Hoop Piercings, Hypoallergenic Nose Rings Set, Nose Clickers Set",13.0,2.0,29.36,2.0,29.36,14.0,4,Jungle Piercing Store,时尚配件,,,products_new_us.csv,100.0,63.9,70.0,20.0,100.0,60.0,74.7,68.5,68.7,价格战红海
46,"Gold-Plated , Final Sale",7.0,102.0,714.0,102.0,714.0,,4,FASHIONBICET,时尚配件,,,products_new_us.csv,100.0,67.8,60.0,20.0,100.0,60.0,77.5,66.0,68.4,价格战红海
47,14k-Plated High-end Necklace,6.0,96.0,576.0,96.0,576.0,,4,Mirenx,时尚配件,,,products_new_us.csv,100.0,67.6,60.0,20.0,100.0,60.0,77.3,66.0,68.3,价格战红海
50,"#2 A.E 7/17/26 bracelets,necklaces,etc",14.0,88.0,1232.0,88.0,1232.0,,4,LEXX VIBES,时尚配件,,,products_new_us.csv,100.0,67.3,60.0,20.0,100.0,60.0,77.1,66.0,68.2,价格战红海
,VVS1 Moissanite Jewelry,1.0,750.0,1335.0,746.0,1472.0,,4,BlingoJewelry,时尚配件,,,products_new_us.csv,60.0,93.7,60.0,20.0,100.0,60.0,95.6,52.0,68.1,暴涨新星
64,14k gold plated earrings,6.0,70.0,420.0,70.0,420.0,,4,LisiZen Jewelry,时尚配件,,,products_new_us.csv,100.0,66.6,60.0,20.0,100.0,60.0,76.6,66.0,68.0,价格战红海
67,Quality Gold Filled Jewelry!,12.0,69.0,863.0,69.0,863.0,,4,BelikoSupplyz,时尚配件,,,products_new_us.csv,100.0,66.5,60.0,20.0,100.0,60.0,76.6,66.0,68.0,价格战红海
407,"Women’s Layered Thigh Chain, Multi-Strand Body Jewelry for Parties, Festivals, Club Outfits and Special Occasions, Adjustable Leg Accessory",9.99,3.0,29.97,3.0,29.97,13.0,4,WW1D shop,时尚配件,,,products_new_us.csv,100.0,63.9,65.0,20.0,100.0,60.0,74.7,67.2,67.9,价格战红海
84,"#348 Sunglasses/Scarfs for $9 Show Inspired by, No Cancels",5.0,46.0,230.0,46.0,230.0,,4,Value Outlets,时尚配件,,,products_new_us.csv,100.0,65.6,60.0,20.0,100.0,60.0,75.9,66.0,67.7,价格战红海
85,SINGLE STRAND,5.0,46.0,230.0,46.0,230.0,,4,blovedwaistbeads,时尚配件,,,products_new_us.csv,100.0,65.6,60.0,20.0,100.0,60.0,75.9,66.0,67.7,价格战红海
87,Tuesday Item Shown on Screen (Final Sale)- 1-1,15.0,45.0,675.0,45.0,675.0,,4,Truey Hats,时尚配件,,,products_new_us.csv,100.0,65.6,60.0,20.0,100.0,60.0,75.9,66.0,67.7,价格战红海
102,jewelry,6.0,36.0,260.0,36.0,260.0,,4,Bcdiamonds,时尚配件,,,products_new_us.csv,100.0,65.2,60.0,20.0,100.0,60.0,75.7,66.0,67.6,价格战红海
244,"LZIUOSH 28 Pack Hair Clips —3.5 Inch Duck Bill Sectioning Clips, No Crease Non Slip Metal Clips for Salon Styling and Coloring,",5.6,9.0,60.48,9.0,60.48,12.5,4,Chengbin-shop,时尚配件,,,products_new_us.csv,100.0,64.1,62.5,20.0,100.0,60.0,74.9,66.6,67.6,价格战红海
107,CZ Gem auction 260817【Aurora】,12.0,34.0,437.0,34.0,442.0,,4,Luvia Jewelry,时尚配件,,,products_new_us.csv,100.0,65.1,60.0,20.0,100.0,60.0,75.6,66.0,67.5,价格战红海
109,ONE DOLLAR BIDDING1-1,7.0,34.0,238.0,34.0,238.0,,4,CASSIECA,时尚配件,,,products_new_us.csv,100.0,65.1,60.0,20.0,100.0,60.0,75.6,66.0,67.5,价格战红海
122,14K-Plated Fashion Accessories,6.0,28.0,168.0,28.0,168.0,,4,GLIMELLE,时尚配件,,,products_new_us.csv,100.0,64.9,60.0,20.0,100.0,60.0,75.4,66.0,67.5,价格战红海
130,"5 Pairs Shell Flower Imitation Pearl Dangle Earrings Set, Baroque Shell Flower Pendant Earrings, Elegant Wedding Beach Accessories, Faux Pearl Jewelry",6.32,26.0,185.44,26.0,185.22,,4,LANCOO Accessories,时尚配件,,,products_new_us.csv,100.0,64.8,60.0,20.0,100.0,60.0,75.4,66.0,67.4,价格战红海
141,"Vintage Patchwork Embroidered Baseball Hat, Truck Driver's Hat With Colorblock, Embroidery, Vintage Number, Lightweight & Adjustable Size' MusicFest Y2KFest Back To School Autumn Halloween Halloween Winter Adjustable Cap Adjustable Casual Hats",10.82,24.0,259.68,24.0,259.68,,4,Chic Slim Gems,时尚配件,,,products_new_us.csv,100.0,64.7,60.0,20.0,100.0,60.0,75.3,66.0,67.4,价格战红海
162,Last Jewelry piece,12.0,18.0,216.0,18.0,216.0,,4,POPOD Factory,时尚配件,,,products_new_us.csv,100.0,64.5,60.0,20.0,100.0,60.0,75.2,66.0,67.4,价格战红海
166,"LGZ# Men’s Luxury Octagonal Bezel Wristwatch with Grid Textured Dial, Date Window and Integrated Stainless Steel Bracelet, Business Casual Watch",9.0,17.0,153.0,17.0,153.0,,4,FeiceOfficial,时尚配件,,,products_new_us.csv,100.0,64.5,60.0,20.0,100.0,60.0,75.1,66.0,67.3,价格战红海
168,Mad Hatter Auction Hat,11.0,17.0,187.0,17.0,187.0,,4,The Mad Hatter Company,时尚配件,,,products_new_us.csv,100.0,64.5,60.0,20.0,100.0,60.0,75.1,66.0,67.3,价格战红海
185,925 sterling silver jewelry,10.0,14.0,140.0,14.0,140.0,,4,BlingoJewelry,时尚配件,,,products_new_us.csv,100.0,64.3,60.0,20.0,100.0,60.0,75.0,66.0,67.3,价格战红海
205,Tough Guys’ve all chosen this one!,9.0,12.0,108.0,12.0,108.0,,4,Glam Sparkle Luxe,时尚配件,,,products_new_us.csv,100.0,64.3,60.0,20.0,100.0,60.0,75.0,66.0,67.3,价格战红海
223,"14K Gold-Plated Let's Go,Bro！",6.0,10.0,60.0,10.0,60.0,,4,Glam Sparkle Luxe,时尚配件,,,products_new_us.csv,100.0,64.2,60.0,20.0,100.0,60.0,74.9,66.0,67.3,价格战红海
227,"10 Pcs Mood Changing Energy Brooches, Unisex Social Battery Badges, Casual Solid Pattern Pinbacks, Perfect for Daily Wear and Collection, Brooch Pins, Alloy Brooch Pin",8.82,10.0,88.2,10.0,88.2,,4,FTCY Jewelry,时尚配件,,,products_new_us.csv,100.0,64.2,60.0,20.0,100.0,60.0,74.9,66.0,67.3,价格战红海
62,"Western Leopard Charm Smartwatch Band - Vintage Cactus, Cowboy Boot, Charm Pendants Accents, Boho Cowgirl Aesthetic Personalized Item, DIY Bag Accessory, Compatible With 38-49mm Smart Watches, Western & Smartwatch Accessories, Leopard Print, Boho Western",9.99,71.0,709.29,71.0,709.29,11.0,4,VervePieces,时尚配件,,,products_new_us.csv,100.0,66.6,55.0,20.0,100.0,60.0,76.6,64.8,67.2,价格战红海
230,jm 8.18-2,5.0,9.0,45.0,9.0,45.0,,4,Soocosisx,时尚配件,,,products_new_us.csv,100.0,64.1,60.0,20.0,100.0,60.0,74.9,66.0,67.2,价格战红海
241,"Trending Retro Denim Wash Baseball Cap - Unisex Distressed Design, Slim Snug Fit, Urban Retro Vibe All-Season Streetwear Fashion Accessory",9.99,9.0,89.91,9.0,89.91,12.0,4,VibeFashh,时尚配件,,,products_new_us.csv,100.0,64.1,60.0,20.0,100.0,60.0,74.9,66.0,67.2,价格战红海
246,"LGZ# Men’s Luxury Crystal Bezel Wristwatch with Textured Dial, Date Display and Integrated Metal Bracelet, Modern Business Dress Watch",9.0,9.0,81.0,9.0,81.0,,4,FeiceOfficial,时尚配件,,,products_new_us.csv,100.0,64.1,60.0,20.0,100.0,60.0,74.9,66.0,67.2,价格战红海
247,Final Sale,22.0,9.0,198.0,9.0,198.0,,4,Tiny Treasures & Co.,时尚配件,,,products_new_us.csv,100.0,64.1,60.0,20.0,100.0,60.0,74.9,66.0,67.2,价格战红海
250,"Lover Heart Halo Moissanite Stud Earrings, Costume Jewelry Wedding Set - Ideal Birthday, Mother’s Day Gift for Women",8.0,8.0,64.0,8.0,64.0,,4,Luvin Jewels,时尚配件,,,products_new_us.csv,100.0,64.1,60.0,20.0,100.0,60.0,74.9,66.0,67.2,价格战红海
261,black brown burgundy blonde 1B30 color pixie cut wigs short straight human hair wig machine made pixie wig daily party use human hair wig for women stylish gift wig,17.01,7.0,119.07,7.0,119.07,,4,Smart Health HYSW,时尚配件,,,products_new_us.csv,100.0,64.1,60.0,20.0,100.0,60.0,74.8,66.0,67.2,价格战红海
262,"4pcs Copper Base Gold-Plated Vintage Granular Embossed Hinged Bangle, Full Surface Carved Grain Textured Snap Clasp Bracelet, Luxury Ethnic Wedding Jewelry Gift For Ladies Daily Party",15.99,7.0,111.93,7.0,111.93,,4,Jiamila@Jewelry,时尚配件,,,products_new_us.csv,100.0,64.1,60.0,20.0,100.0,60.0,74.8,66.0,67.2,价格战红海
267,92#14KGold-Rope-LionHead-Necklace,8.0,7.0,56.0,7.0,56.0,,4,Holylegend Jewelry USA,时尚配件,,,products_new_us.csv,100.0,64.1,60.0,20.0,100.0,60.0,74.8,66.0,67.2,价格战红海
287,91#14KGold-Rope-Game-Necklace,6.0,6.0,36.0,6.0,36.0,,4,Holylegend Jewelry USA,时尚配件,,,products_new_us.csv,100.0,64.0,60.0,20.0,100.0,60.0,74.8,66.0,67.2,价格战红海
288,AUCTIONS 8/17 NO CANCELLATIONS(BLUE),10.0,6.0,60.0,6.0,60.0,,4,Giftingshops,时尚配件,,,products_new_us.csv,100.0,64.0,60.0,20.0,100.0,60.0,74.8,66.0,67.2,价格战红海
302,"Natural Pixie Wig, 150% Density Human Hair Wigs for Women, Short Straight Daily Party Cosplay Use, Machine Made",17.42,6.0,104.52,6.0,104.52,,4,FSOUNN,时尚配件,,,products_new_us.csv,100.0,64.0,60.0,20.0,100.0,60.0,74.8,66.0,67.2,价格战红海
306,"TAO-Creative Zircon Crown Teardrop Necklace, Necklace with Initials, A-Z Letter Pendants, 24-Inch Braided Chain, Hip Hop Style, Luxurious and Versatile, Costume Jewelry Necklace",10.38,5.0,51.9,5.0,51.9,,4,TAO-Fashion Hip Hop,时尚配件,,,products_new_us.csv,100.0,64.0,60.0,20.0,100.0,60.0,74.8,66.0,67.2,价格战红海
321,80#14KGold-Rope-4-10,5.0,5.0,25.0,5.0,25.0,,4,Holylegend Jewelry USA,时尚配件,,,products_new_us.csv,100.0,64.0,60.0,20.0,100.0,60.0,74.8,66.0,67.2,价格战红海
322,Luxury Stylish Women Scarf Soft Breathable Shawl Wrap for All Seasons,20.0,5.0,100.0,5.0,100.0,12.0,4,ThriftTokLuxe,时尚配件,,,products_new_us.csv,100.0,64.0,60.0,20.0,100.0,60.0,74.8,66.0,67.2,价格战红海
330,Rings,20.0,5.0,100.0,5.0,100.0,,4,Twisted Oak TX,时尚配件,,,products_new_us.csv,100.0,64.0,60.0,20.0,100.0,60.0,74.8,66.0,67.2,价格战红海
341,Platinum Plated Diamonds Natural Shell Moon Necklace,29.0,4.0,127.0,4.0,127.0,25.0,4,Cute Things Commin,时尚配件,,,products_new_us.csv,70.0,63.9,100.0,20.0,100.0,60.0,74.8,65.5,67.2,高佣爆款
343,"[New Deal] 100 Ice Candy Plastic Bags - Bolsas para bolis de hielo mexicanos Freeze Icepop Bags Popsicle Mold bolsas para helados caseros Popsicle Wrappers Yogurt Ice Cream Smoothie Mold Bag, Freezer Bag, Ice Cream Molds",9.99,4.0,39.96,4.0,39.96,12.0,4,FSV221 shop,时尚配件,,,products_new_us.csv,100.0,63.9,60.0,20.0,100.0,60.0,74.8,66.0,67.2,价格战红海
361,10k y 14 k Manillas Final sale no returns.,5.0,4.0,20.0,4.0,20.0,,4,Melanny Jewelry,时尚配件,,,products_new_us.csv,100.0,63.9,60.0,20.0,100.0,60.0,74.8,66.0,67.2,价格战红海
364,As seen live,10.0,4.0,40.0,4.0,40.0,,4,JewelMarts,时尚配件,,,products_new_us.csv,100.0,63.9,60.0,20.0,100.0,60.0,74.8,66.0,67.2,价格战红海
381,85#14KGold-Figaro-10-24,9.0,4.0,36.0,4.0,36.0,,4,Holylegend Jewelry USA,时尚配件,,,products_new_us.csv,100.0,63.9,60.0,20.0,100.0,60.0,74.8,66.0,67.2,价格战红海
389,"Hair Extensions with Micro Rings, Includes I-Tip Hair Pliers, Micro Pulling Hook, Needle Loop Threader, Micro Links, Essential Tools Set, Cluster Extension Kit",6.4,4.0,25.6,4.0,25.6,,4,Wen Yan Store,时尚配件,,,products_new_us.csv,100.0,63.9,60.0,20.0,100.0,60.0,74.8,66.0,67.2,价格战红海
427,"LGZ# Men’s Chronograph Wristwatch with Tachymeter Bezel, Date Display and Stainless Steel Bracelet, Fashion Sport Business Watch",9.0,3.0,27.0,3.0,27.0,,4,FeiceOfficial,时尚配件,,,products_new_us.csv,100.0,63.9,60.0,20.0,100.0,60.0,74.7,66.0,67.2,价格战红海
428,"Bull Head Printing Baseball Cap & Necklace Set, Street Style Unisex Baseball Cap, Fashion Accessories for Men & Women",5.17,3.0,15.51,3.0,15.51,,4,Zheyue Hat Trading,时尚配件,,,products_new_us.csv,100.0,63.9,60.0,20.0,100.0,60.0,74.7,66.0,67.2,价格战红海
444,purple eye bracelet,5.0,2.0,10.0,2.0,10.0,,4,Gold Dipped Jewelry Inc,时尚配件,,,products_new_us.csv,100.0,63.9,60.0,20.0,100.0,60.0,74.7,66.0,67.2,价格战红海
447,Chai Necklace: gold,6.0,2.0,12.0,2.0,12.0,,4,Gold Dipped Jewelry Inc,时尚配件,,,products_new_us.csv,100.0,63.9,60.0,20.0,100.0,60.0,74.7,66.0,67.2,价格战红海
448,leaf heart ring: blue,5.0,2.0,10.0,2.0,10.0,,4,Gold Dipped Jewelry Inc,时尚配件,,,products_new_us.csv,100.0,63.9,60.0,20.0,100.0,60.0,74.7,66.0,67.2,价格战红海
462,sapphire flower bracelet,10.0,2.0,20.0,2.0,20.0,,4,Gold Dipped Jewelry Inc,时尚配件,,,products_new_us.csv,100.0,63.9,60.0,20.0,100.0,60.0,74.7,66.0,67.2,价格战红海
463,2026 Women Checkered Nylon Fanny Pack Y2K Trendy Crossbody Belt Bag Adjustable Strap Sling Purse Large Capacity Waist Pouch for Outdoor Festival,16.99,2.0,33.98,2.0,33.98,12.0,4,FSV221 shop,时尚配件,,,products_new_us.csv,100.0,63.9,60.0,20.0,100.0,60.0,74.7,66.0,67.2,价格战红海
465,heart huggies- sapphire,6.0,2.0,12.0,2.0,12.0,,4,Gold Dipped Jewelry Inc,时尚配件,,,products_new_us.csv,100.0,63.9,60.0,20.0,100.0,60.0,74.7,66.0,67.2,价格战红海
467,lucky butterfly huggies- blue,5.0,2.0,10.0,2.0,10.0,,4,Gold Dipped Jewelry Inc,时尚配件,,,products_new_us.csv,100.0,63.9,60.0,20.0,100.0,60.0,74.7,66.0,67.2,价格战红海
468,turquoise bracelet,7.0,2.0,14.0,2.0,14.0,,4,Gold Dipped Jewelry Inc,时尚配件,,,products_new_us.csv,100.0,63.9,60.0,20.0,100.0,60.0,74.7,66.0,67.2,价格战红海
469,sapphire solitaire heart necklace,5.0,2.0,10.0,2.0,10.0,,4,Gold Dipped Jewelry Inc,时尚配件,,,products_new_us.csv,100.0,63.9,60.0,20.0,100.0,60.0,74.7,66.0,67.2,价格战红海
471,ORO LAMINADO 14K,10.0,2.0,20.0,2.0,20.0,,4,Didiray Jewerly,时尚配件,,,products_new_us.csv,100.0,63.9,60.0,20.0,100.0,60.0,74.7,66.0,67.2,价格战红海
498,LC036-1,11.0,2.0,22.0,2.0,22.0,,4,Lady Grayy Wigs USA,时尚配件,,,products_new_us.csv,100.0,63.9,60.0,20.0,100.0,60.0,74.7,66.0,67.2,价格战红海
499,4#14KGold-Rope-6-22,16.0,2.0,32.0,2.0,32.0,,4,Holylegend Jewelry USA,时尚配件,,,products_new_us.csv,100.0,63.9,60.0,20.0,100.0,60.0,74.7,66.0,67.2,价格战红海
500,triple butterfly bracelet- gold,10.0,2.0,20.0,2.0,20.0,,4,Gold Dipped Jewelry Inc,时尚配件,,,products_new_us.csv,100.0,63.9,60.0,20.0,100.0,60.0,74.7,66.0,67.2,价格战红海
169,Minimalist Pinhole Glasses Fashion Unisex Clear Frame Black Glasses Style Streetwear Aesthetic Eyewear for Men Women Natural Vision Care Astigmatism Relaxation Anti Eye Strain Fatigue Relief Pin Hole Glasses Daily Accessory,5.39,16.0,86.24,16.0,86.24,11.0,4,XLLZQH Shop,时尚配件,,,products_new_us.csv,100.0,64.4,55.0,20.0,100.0,60.0,75.1,64.8,66.6,价格战红海
,MON (111) Grace -14K GOLD FINISH– NO CANCELLATIONS- ALL SALES ARE FINAL,1.0,671.0,671.0,774.0,774.0,,4,NOX JEWELS,时尚配件,,,products_new_us.csv,60.0,87.1,60.0,20.0,100.0,60.0,90.9,52.0,66.1,暴涨新星
147,"Women’s 5PCS Stackable Charm Bracelets - Gold Tone Stretch Set with Faux Pearl, Beaded Charm, Cross Motif for Casual Wear, Elastic Bracelets, Fashion Bracelet",8.99,22.0,219.58,22.0,220.67,10.0,4,WarmHue,时尚配件,,,products_new_us.csv,100.0,64.7,50.0,20.0,100.0,60.0,75.3,63.5,65.9,价格战红海
186,"Women’s Rhinestone Waist Chain, Crystal Body Chain Jewelry Belt, Y2K Fashion Accessories for Women, Sparkling Hip Chain for Bikini Outfits, Festival Party Vacation Jewelry and Trendy Summer Outfit Decor",12.99,14.0,181.86,14.0,181.86,10.0,4,PickNShine Shop,时尚配件,,,products_new_us.csv,100.0,64.3,50.0,20.0,100.0,60.0,75.0,63.5,65.8,价格战红海
206,"6-Inch Viral Brown Blonde Highlight Short Shaggy Wig, Multi-Layer Contour Cut, Realistic Natural Roots, Wigs for Cosplay, Parties, And Stage Performances, Comic Con Cosplay Accessory",21.99,12.0,251.78,12.0,280.76,10.0,4,LuoShuangYingShop,时尚配件,,,products_new_us.csv,100.0,64.3,50.0,20.0,100.0,60.0,75.0,63.5,65.8,价格战红海
224,Unisex Classic Baseball Cap Letter B Embroidered Design Durable Adjustable Size Reathable Soft Daily Wear Men And Women Hat Travel Fit Casual Outing Caps,13.98,10.0,139.8,10.0,165.9,10.0,4,Hat Styles,时尚配件,,,products_new_us.csv,100.0,64.2,50.0,20.0,100.0,60.0,74.9,63.5,65.8,价格战红海
386,"2026 Unisex Large-Frame Fashion Glasses, Trendy Square Sunglasses, Trendy Beach Eyewear, Retro Design for Daily Wear, Photography, Travel, Beach, All Seasons outdoor activity summerwins",7.56,4.0,30.24,4.0,30.24,10.0,4,FY-Shop,时尚配件,,,products_new_us.csv,100.0,63.9,50.0,20.0,100.0,60.0,74.8,63.5,65.7,价格战红海
429,"Women'S Short Gray-Silvery Wig, Layered Pixie Cut with Bangs, Synthetic Short Gray Hair Wig, Ready to Wear",21.8,3.0,65.48,3.0,65.48,10.0,4,LuoShuangYingShop,时尚配件,,,products_new_us.csv,100.0,63.9,50.0,20.0,100.0,60.0,74.7,63.5,65.7,价格战红海
464,"Fluffy Fuzzy Beanie Hat for Women Men, Soft Knit Winter Hat, Cozy Warm Y2K Streetwear Cap, Trendy Fashion Accessory",10.0,2.0,19.98,2.0,19.98,10.0,4,PickNShine Shop,时尚配件,,,products_new_us.csv,100.0,63.9,50.0,20.0,100.0,60.0,74.7,63.5,65.7,价格战红海
476,"Adjustable Sci-Fi Mechanical Gloves Set with Unique Mechanical Design, Featuring Claw Rings And Skeleton Structure, Classic And Fashionable Silvery And Black Color, Metal Material, No Feathers, with Knuckles",20.89,2.0,41.78,2.0,41.78,10.0,4,LuoShuangYingShop,时尚配件,,,products_new_us.csv,100.0,63.9,50.0,20.0,100.0,60.0,74.7,63.5,65.7,价格战红海
487,"50PCS Halloween Mochi Squishies, Mini Spooky Party Favors, Non-Candy Trick-or-Treat Bag Fillers, Classroom Prizes, Goodie Bag Stuffers & Halloween Gifts",23.56,2.0,47.12,2.0,64.48,10.0,4,LuoShuangYingShop,时尚配件,,,products_new_us.csv,100.0,63.9,50.0,20.0,100.0,60.0,74.7,63.5,65.7,价格战红海
490,"Leopard Print Shoulder Bag for Women, Trendy Chain Crossbody Purse with Animal Print Design, Y2K Vintage Style Handbag, Fashion Small Messenger Bag for Date Night, Party, Travel, Everyday Outfit Accessories, Cute Gift Bag for Her",19.0,2.0,37.98,2.0,37.98,10.0,4,PickNShine Shop,时尚配件,,,products_new_us.csv,100.0,63.9,50.0,20.0,100.0,60.0,74.7,63.5,65.7,价格战红海
493,"Women's synthetic asymmetrical short bob wig, suitable for cosplay, daily wear, and themed parties--smooth straight hair with an asymmetrical cut, suitable for costume wigs, photography styling, and can be matched with various skin tones and hairstyles",18.7,2.0,40.72,2.0,40.72,10.0,4,MuseChic,时尚配件,,,products_new_us.csv,100.0,63.9,50.0,20.0,100.0,60.0,74.7,63.5,65.7,价格战红海
494,"20PCS Set, Bulk Stretchy Hair Ropes, High‑Elasticity, Tortoiseshell Earth‑Tones Black Assorted Colors Set,Thickened Heavy‑Duty High Ponytail Hair Ties, Hair Tie, Soft Elastic Hair Tie,Elastic Hair Accessory, Hair Accessories for Women & Girls",9.99,2.0,19.98,2.0,21.24,10.0,4,Wink Charm Co.,时尚配件,,,products_new_us.csv,100.0,63.9,50.0,20.0,100.0,60.0,74.7,63.5,65.7,价格战红海
6,L3A mystery pulls [stainless steel] jewelry,3.0,542.0,2140.0,552.0,2180.0,,4,Joyshinefashion,时尚配件,,,products_new_us.csv,60.0,84.8,60.0,20.0,100.0,60.0,89.4,52.0,65.5,暴涨新星
7,AB5 Fashionable camera,1.0,532.0,1.06,566.0,566.0,,4,VetroLux Co,时尚配件,,,products_new_us.csv,60.0,83.4,60.0,20.0,100.0,60.0,88.4,52.0,65.0,暴涨新星
105,"12 Inch Short Wavy Hair Topper for Thinning Hair Women, 6.5x6.5 Breathable Base, Curly Wave Synthetic Hairpiece, Instant Volume & Coverage",17.47,35.0,611.45,35.0,611.45,8.0,4,LORITA FEKIX,时尚配件,,,products_new_us.csv,100.0,65.2,40.0,20.0,100.0,60.0,75.6,61.0,64.6,价格战红海
106,"5 Pairs Women's Large Frame Fashion Glasses, Summer Sun Protection, Beach Accessories, Casual Style Oversized Pilot Frames, Perfect for, Back-To-School Season, Fashion Eyewear",14.5,34.0,366.18,34.0,366.18,8.0,4,Active Eyes,时尚配件,,,products_new_us.csv,100.0,65.1,40.0,20.0,100.0,60.0,75.6,61.0,64.5,价格战红海
406,"# 0383 14k Gold-Plated Men's Rosary, 22in High-Quality Daily Wear Accessory",34.99,3.0,104.97,3.0,104.97,16.5,4,Andrea Joyas laminadas,时尚配件,,,products_new_us.csv,70.0,63.9,82.5,20.0,100.0,60.0,74.7,61.1,64.5,高佣爆款
9,ACABADO ORO 14K -SIN CANCELACIONES- ROJO,1.0,446.0,446.0,447.0,447.0,,4,GoldenHour,时尚配件,,,products_new_us.csv,60.0,81.4,60.0,20.0,100.0,60.0,87.0,52.0,64.4,暴涨新星
10,TUE (111) Grace -14K GOLD FINISH– NO CANCELLATIONS- ALL SALES ARE FINAL,4.0,439.0,1756.0,439.0,1756.0,,4,NOX JEWELS,时尚配件,,,products_new_us.csv,60.0,81.2,60.0,20.0,100.0,60.0,86.8,52.0,64.4,暴涨新星
181,"Comlovei High-Quality Business Calendar Watch, Multifunctional Waterproof Luminous, Ideal Gift for Leisure and Business",20.6,15.0,309.28,15.0,309.28,8.0,4,COMLORVEI Elegance,时尚配件,,,products_new_us.csv,100.0,64.4,40.0,20.0,100.0,60.0,75.1,61.0,64.3,价格战红海
245,"12 Pcs Chunky Gold Rings for Women Non Tarnish Statement Flower Ring, Stackable Open Stacking Rings, Big Knuckle Trendy Ring Set Jewelry Gift",9.4,9.0,84.6,9.0,84.6,8.0,4,Lemo Fashion Store,时尚配件,,,products_new_us.csv,100.0,64.1,40.0,20.0,100.0,60.0,74.9,61.0,64.2,价格战红海
282,"8pcs Women's Mini Crystal Sparkling Brooch Set, Rhinestone Butterfly, Cherry, Butterfly, Star, Heart Pins, Cute Accessories, Elegant Gift Set",8.6,6.0,52.08,6.0,52.08,8.0,4,Boutique Precious,时尚配件,,,products_new_us.csv,100.0,64.0,40.0,20.0,100.0,60.0,74.8,61.0,64.2,价格战红海
284,"Long Straight Headband Style Wig for Women, 24 Inch Highlight, Glueless Synthetic Hair, Heat Resistant, Beginner Friendly",19.62,6.0,117.72,6.0,117.72,8.0,4,Easy Wig,时尚配件,,,products_new_us.csv,100.0,64.0,40.0,20.0,100.0,60.0,74.8,61.0,64.2,价格战红海
404,"High-Quality Platinum Gold Fiber Synthetic Wig, 8-Inch Short Layered Bob, Soft Silk Touch, Realistic Parting, Women's Lightweight European Style, Fashion Wig, Machine Made Wig",14.0,3.0,42.0,3.0,42.12,8.0,4,Devi Wigs,时尚配件,,,products_new_us.csv,100.0,63.9,40.0,20.0,100.0,60.0,74.7,61.0,64.2,价格战红海
475,"Luxury 24k Plated Open Ring, Retro Ethnic Adjustable Finger Ring for Women, Fashion Jewelry, Stylish Accessory",15.3,2.0,30.6,2.0,28.12,8.0,4,Golden light dot,时尚配件,,,products_new_us.csv,100.0,63.9,40.0,20.0,100.0,60.0,74.7,61.0,64.2,价格战红海
184,Western Filigree Embroidered Lineman Hat,40.0,14.0,612.0,14.0,612.0,15.0,4,Trampin Travels,时尚配件,,,products_new_us.csv,70.0,64.3,75.0,20.0,100.0,60.0,75.0,59.2,63.6,
210,Taoist Rune Bracelet,41.25,12.0,495.0,12.0,495.0,15.0,4,Z J LShop,时尚配件,,,products_new_us.csv,70.0,64.3,75.0,20.0,100.0,60.0,75.0,59.2,63.5,
44,"Free Gifts Color Elastic Hair Bands, Hair Ties Multi Color Hair Tie Elastic Rubber Bands for Baby Girls Small Elastic Hair Ties for Children Adult Mini Colorful Hair",19.9,102.0,2029.8,102.0,2029.8,5.0,4,ITODAY Hair,时尚配件,,,products_new_us.csv,100.0,67.8,25.0,20.0,100.0,60.0,77.5,57.2,63.1,价格战红海
45,"Free Gifts Silk Hair Scrunchies for Women, 100% Mulberry Silk Hair Ties, No Damage for Hair 1-Pack",19.99,102.0,2038.98,102.0,2038.98,5.0,4,ITODAY Hair,时尚配件,,,products_new_us.csv,100.0,67.8,25.0,20.0,100.0,60.0,77.5,57.2,63.1,价格战红海
226,"Elegant Square Frame Women's Blue Light Blocking Glasses, Trendy Casual Eyeglasses, Cute Transparent Design, Casual Style, Perfect Daily Accessory, Square Frames Glasses",5.0,10.0,50.0,24.0,120.0,,4,GIRR Glasses,时尚配件,,,products_new_us.csv,100.0,49.5,60.0,20.0,100.0,60.0,64.6,66.0,62.8,价格战红海
90,14K Gold Plated Initial Heart Pendant Necklace Dainty Layered Y Chain Personalized Hollow Heart Letter A-Z Long Necklace Sunshine Beach Jewelry Holiday Gift Couple Necklace,6.72,43.0,288.96,43.0,288.96,5.0,4,Seasons Jewel,时尚配件,,,products_new_us.csv,100.0,65.5,25.0,20.0,100.0,60.0,75.8,57.2,62.4,价格战红海
228,"Gold Bow Jewelry Set – Cute Huggie Hoop Earrings, Dainty Choker Necklace & Stackable Beaded Bracelets for Women Girls, Hypoallergenic Cubic Zirconia Pearl Gifts for Birthday Wedding ﻿",8.0,10.0,80.0,10.0,81.0,5.0,4,Free Shipping Fashion Shop,时尚配件,,,products_new_us.csv,100.0,64.2,25.0,20.0,100.0,60.0,74.9,57.2,62.0,价格战红海
89,"Trevoles Hat, Fashion Accessory for Daily Wear Casual Hat Stylish Hat",12.0,44.0,528.0,181.0,2172.0,,4,MHAZE,时尚配件,,,products_new_us.csv,100.0,46.5,60.0,20.0,100.0,60.0,62.5,66.0,61.9,价格战红海
342,18Pcs Shoe Charms Chain Accessories for Women Pearl Flower Clog Shoe Decoration Charms Rhinestone Shoes Charms Bling Cute Decor for Party Birthday Valentines Day Gifts,9.99,4.0,39.96,4.0,39.96,5.0,4,ghdzfff,时尚配件,,,products_new_us.csv,100.0,63.9,25.0,20.0,100.0,60.0,74.8,57.2,61.9,价格战红海
410,2 pack Bee Feeder for Mason Jar Regular and Wide Mouth Mason Jar Compatible Silicone Bee Sugar Water Feeder for Outside Garden,12.76,3.0,38.28,3.0,38.28,5.0,4,Pinwhat,时尚配件,,,products_new_us.csv,100.0,63.9,25.0,20.0,100.0,60.0,74.7,57.2,61.9,价格战红海
82,SIMULATED DIAMOND RING,46.0,49.0,2254.0,49.0,2254.0,,4,The Carat Lab,时尚配件,,,products_new_us.csv,70.0,65.7,60.0,20.0,100.0,60.0,76.0,55.5,61.7,
497,"Tennis Bracelets for Women Stainless Steel 4mm AAAAA Cubic Zirconia Classic Tennis Bracelet Sparkly CZ Bracelet with Fold Over Clasp, Size 6.5/7/7.5/8 Inch Romantic Valentines Day Jewelry",,2.0,25.4,2.0,25.48,15.0,4,Uloveido Brand,时尚配件,,,products_new_us.csv,60.0,63.9,75.0,20.0,100.0,60.0,74.7,55.8,61.4,
208,SOFT STYLE PANT SET FINAL SALE NO REFUND,45.0,12.0,540.0,12.0,540.0,,4,Hey Sister and Co,时尚配件,,,products_new_us.csv,70.0,64.3,60.0,20.0,100.0,60.0,75.0,55.5,61.3,
209,DOUBLE ZERO HOODIES FINAL SALE,38.0,12.0,456.0,12.0,456.0,,4,Hey Sister and Co,时尚配件,,,products_new_us.csv,70.0,64.3,60.0,20.0,100.0,60.0,75.0,55.5,61.3,
164,"1/2-Pack Dual Compartment Double Glasses Case, Portable Eyewear Organizer with Zipper Closure, Compact Secure Clip-On Eye Glass Holder for Travel & Daily Carry",,17.0,203.83,17.0,203.83,14.5,4,DDG shop,时尚配件,,,products_new_us.csv,60.0,64.5,72.5,20.0,100.0,60.0,75.1,55.1,61.2,
249,"BROWN, MAROOM BUTTON SWEATER FINAL SALE",40.0,8.0,320.0,8.0,320.0,,4,Hey Sister and Co,时尚配件,,,products_new_us.csv,70.0,64.1,60.0,20.0,100.0,60.0,74.9,55.5,61.2,
268,GREY+CREAM SWEATER FINAL SALE,36.0,7.0,252.0,7.0,252.0,,4,Hey Sister and Co,时尚配件,,,products_new_us.csv,70.0,64.1,60.0,20.0,100.0,60.0,74.8,55.5,61.2,
270,DOUBLE ZERO BROWN SWEATER FINAL SALE NO REFUND,38.0,7.0,266.0,7.0,266.0,,4,Hey Sister and Co,时尚配件,,,products_new_us.csv,70.0,64.1,60.0,20.0,100.0,60.0,74.8,55.5,61.2,
445,NAVY AND CREAM TOP FINAL SALE NO REFUND,30.0,2.0,60.0,2.0,60.0,,4,Hey Sister and Co,时尚配件,,,products_new_us.csv,70.0,63.9,60.0,20.0,100.0,60.0,74.7,55.5,61.2,
446,"Women's Silver Grey 28-Inch Long Straight 13x4 Free Part Lace Front Wig, Heat Resistant Synthetic Fiber, for Daily Use, Party Cosplay",33.9,2.0,67.8,2.0,67.8,12.0,4,FineMe Hair,时尚配件,,,products_new_us.csv,70.0,63.9,60.0,20.0,100.0,60.0,74.7,55.5,61.2,
480,14#RM-Cuban-10-24,26.0,2.0,52.0,2.0,52.0,,4,Holylegend Jewelry USA,时尚配件,,,products_new_us.csv,70.0,63.9,60.0,20.0,100.0,60.0,74.7,55.5,61.2,
285,"Boho Adjustable Anklet Set - Unisex Colorful Waterproof Braided Rope Ankle Bracelets with Chrysanthemum Charms, 4-24 PCS Packs (4-Piece Orange, Chrysanthemum, Pure Fabric), Outdoors Sports Summer Jewelry for Male, Chrysanthemum 24",,6.0,53.94,6.0,53.94,14.5,4,QUR5 shop,时尚配件,,,products_new_us.csv,60.0,64.0,72.5,20.0,100.0,60.0,74.8,55.1,61.1,
41,(KR) 14K Gold Plated Jewelry Exclusive,1.0,107.0,107.0,107.0,107.0,,4,Tewiky,时尚配件,,,products_new_us.csv,60.0,68.0,60.0,20.0,100.0,60.0,77.6,52.0,60.4,
43,"Rhinestone Balloon Dog Keychain with Rhinestone Strap, Multi Color Bling Bag Charm Accessory for Car Keys Handbag Decor, Perfect Daily & Holiday Gift for All Occasions",1.0,103.0,103.0,103.0,103.0,12.0,4,KECNBAG,时尚配件,,,products_new_us.csv,60.0,67.9,60.0,20.0,100.0,60.0,77.5,52.0,60.4,
61,ONE DOLLAR BIDDING 2-1,1.0,73.0,73.0,73.0,73.0,,4,CASSIECA,时尚配件,,,products_new_us.csv,60.0,66.7,60.0,20.0,100.0,60.0,76.7,52.0,60.0,
63,"6pcs Halloween Print Large Bow Ribbon Hair Clips Barrettes, Sweet Cool Funny Back-Of-Head Clip, School Season Halloween Gift, Girls' Hair Accessories",3.93,71.0,279.03,71.0,279.03,,4,QX Hair accessories,时尚配件,,,products_new_us.csv,60.0,66.6,60.0,20.0,100.0,60.0,76.6,52.0,60.0,
65,FREEKISS Fashion Jewelry,1.0,70.0,70.0,70.0,70.0,,4,FREEKISS OFFICIAL,时尚配件,,,products_new_us.csv,60.0,66.6,60.0,20.0,100.0,60.0,76.6,52.0,60.0,
66,Premium Fine Watches Womens,1.0,69.0,69.0,69.0,69.0,,4,Golden Still Jewelry,时尚配件,,,products_new_us.csv,60.0,66.5,60.0,20.0,100.0,60.0,76.6,52.0,60.0,
42,ONE DOLLAR BIDDING1-2,1.0,103.0,103.0,110.0,110.0,,4,CASSIECA,时尚配件,,,products_new_us.csv,60.0,66.3,60.0,20.0,100.0,60.0,76.4,52.0,59.9,
170,"Classic Adjustable Side Belt - Denim Alloy Belt for Casual Outings, All-Season Stylish Street Style Fashion Accessory, Belts",30.9,16.0,494.24,16.0,494.24,10.0,4,Sterluxe,时尚配件,,,products_new_us.csv,70.0,64.4,50.0,20.0,100.0,60.0,75.1,53.0,59.8,
88,Sunglasses/Eye Wear (FINAL SALE) -No Cancellations NEW without tags. May need adjustments. BRILYN,1.0,44.0,44.0,44.0,44.0,,4,NanoTV,时尚配件,,,products_new_us.csv,60.0,65.5,60.0,20.0,100.0,60.0,75.9,52.0,59.7,
202,200 count 3.0mm Lined Beads Nano Beads for Hair Extensions Copper Nano Ring for Nano Tip Extension (Black),,13.0,115.96,13.0,115.96,12.5,4,Wushuangna-shop,时尚配件,,,products_new_us.csv,60.0,64.3,62.5,20.0,100.0,60.0,75.0,52.6,59.7,
450,Disney Store Plush Keychain Bag Charm – Blue – D23: The Ultimate Disney Fan Event,43.98,2.0,87.98,2.0,87.98,10.0,4,Disney Store,时尚配件,,,products_new_us.csv,70.0,63.9,50.0,20.0,100.0,60.0,74.7,53.0,59.7,
473,"Spa Headband for Washing Face, Skincare Headband Wristband Set for Women, Reusable Machine-Washable Makeup Remover Towel Cloth",7.0,2.0,15.94,2.0,15.94,2.0,4,Limitless Trek,时尚配件,,,products_new_us.csv,100.0,63.9,10.0,20.0,100.0,60.0,74.7,53.5,59.7,价格战红海
481,Amour Necklace,30.1,2.0,60.2,2.0,60.2,10.0,4,JewelsByJules,时尚配件,,,products_new_us.csv,70.0,63.9,50.0,20.0,100.0,60.0,74.7,53.0,59.7,
101,Tewiky (K) 14K Gold Plated Jewelry Exclusive K,1.0,36.0,77.0,36.0,36.0,,4,Tewiky,时尚配件,,,products_new_us.csv,60.0,65.2,60.0,20.0,100.0,60.0,75.7,52.0,59.6,
103,ONE DOLLAR BIDDING 3-1,1.0,35.0,35.0,35.0,35.0,,4,CASSIECA,时尚配件,,,products_new_us.csv,60.0,65.2,60.0,20.0,100.0,60.0,75.6,52.0,59.6,
104,"Teardrop Pendant Navel Ring, No Piercing Required, Non Piercing Jewelry, Fake Belly Button Ring, Unisex Body Jewelry, Body Jewellery, Belly Jewelry, Geometric Style, Copper Chain Material",3.29,35.0,115.15,35.0,115.15,,4,BodyPix,时尚配件,,,products_new_us.csv,60.0,65.2,60.0,20.0,100.0,60.0,75.6,52.0,59.6,
108,Mad Hatter CUSTOM Hat,1.0,34.0,34.0,34.0,34.0,,4,The Mad Hatter Company,时尚配件,,,products_new_us.csv,60.0,65.1,60.0,20.0,100.0,60.0,75.6,52.0,59.5,
110,FREE SHIP Gemstone Jewelry | Live Picks-N011,1.0,34.0,34.0,34.0,34.0,,4,AuraGem Jewelry,时尚配件,,,products_new_us.csv,60.0,65.1,60.0,20.0,100.0,60.0,75.6,52.0,59.5,
121,3pcs-Black-White-Polka-Dot-Striped-Elastic-Sweatband-Stretchy Headbands Workout Headband Gym Headband-Suitable-For-Daily-Life-Yoga-Fitness-Travel-Women-Hair-Accessories,3.48,29.0,100.92,29.0,100.92,,4,ISBeyllaZ,时尚配件,,,products_new_us.csv,60.0,64.9,60.0,20.0,100.0,60.0,75.5,52.0,59.5,
123,"Flower C-Type Angel Wings Nose Ring, Dangly Nose Ring, Sexy Piercing Jewelry, Body Jewelry, Body Jewellery, Unisex, All Seasons, Copper Chain Material",3.64,28.0,111.1,28.0,111.1,,4,BodyPix,时尚配件,,,products_new_us.csv,60.0,64.9,60.0,20.0,100.0,60.0,75.4,52.0,59.5,
124,ONE DOLLAR BIDDING 3-2,1.0,28.0,28.0,28.0,28.0,,4,CASSIECA,时尚配件,,,products_new_us.csv,60.0,64.9,60.0,20.0,100.0,60.0,75.4,52.0,59.5,
142,Versace Sunglasses - Full Inclusion 100% Authentic Brand New! FINAL SALE (BB8.17),1.0,24.0,861.0,24.0,24.0,,4,The Shoe Game Co.,时尚配件,,,products_new_us.csv,60.0,64.7,60.0,20.0,100.0,60.0,75.3,52.0,59.4,
163,"Women's Cute Elegant Style Gradient Butterfly Acetate Shark Hair Claw, Fun Claw Clips, Large National Wind Forest Atmosphere Photo Hair Accessory, Butterfly Hair Accessories",4.39,17.0,78.63,17.0,78.88,,4,Dare to for,时尚配件,,,products_new_us.csv,60.0,64.5,60.0,20.0,100.0,60.0,75.1,52.0,59.3,
182,Tewiky Jewelry-14K Gold & 925Silver Plated,1.0,15.0,15.0,15.0,15.0,,4,Tewiky official,时尚配件,,,products_new_us.csv,60.0,64.4,60.0,20.0,100.0,60.0,75.1,52.0,59.3,
187,Tom Ford Sunglasses - Full Inclusion 100% Authentic Brand New! FINAL SALE (BB8.17),1.0,14.0,994.0,14.0,14.0,,4,The Shoe Game Co.,时尚配件,,,products_new_us.csv,60.0,64.3,60.0,20.0,100.0,60.0,75.0,52.0,59.3,
188,Carerra Sunglasses - Full Inclusion 100% Authentic Brand New! FINAL SALE (BB8.17),1.0,14.0,616.0,14.0,14.0,,4,The Shoe Game Co.,时尚配件,,,products_new_us.csv,60.0,64.3,60.0,20.0,100.0,60.0,75.0,52.0,59.3,
190,Gucci Sunglasses - Full Inclusion 100% Authentic Brand New! FINAL SALE (BB8.17),1.0,13.0,1250.0,13.0,13.0,,4,The Shoe Game Co.,时尚配件,,,products_new_us.csv,60.0,64.3,60.0,20.0,100.0,60.0,75.0,52.0,59.3,
201,0818a1,1.0,13.0,13.0,13.0,13.0,,4,DAILYPEARL,时尚配件,,,products_new_us.csv,60.0,64.3,60.0,20.0,100.0,60.0,75.0,52.0,59.3,
221,Faux Pearl Necklace,3.0,10.0,30.0,10.0,30.0,,4,LunaraJewelry,时尚配件,,,products_new_us.csv,60.0,64.2,60.0,20.0,100.0,60.0,74.9,52.0,59.3,
225,"Super Shiny Simple Diamond Belly Button Ring, Navel Piercing Jewelry, Unisex Piercing Jewelry, Body Piercing Jewelry, Casual Plain Design, All Seasons Fashion Accessory",2.37,10.0,23.7,10.0,23.7,,4,BodyPix,时尚配件,,,products_new_us.csv,60.0,64.2,60.0,20.0,100.0,60.0,74.9,52.0,59.3,
264,Faux Pearl Jewelry Set,4.0,7.0,28.0,7.0,28.0,,4,LunaraJewelry,时尚配件,,,products_new_us.csv,60.0,64.1,60.0,20.0,100.0,60.0,74.8,52.0,59.2,
265,"Men's Energy Jewelry, 8mm Agate Obsidian Bracelet, Matte Finish, Confidence and Stability, High-Quality Anklet, Elegant Bracelet",2.25,7.0,15.75,7.0,15.75,,4,Bling Hub2,时尚配件,,,products_new_us.csv,60.0,64.1,60.0,20.0,100.0,60.0,74.8,52.0,59.2,
283,PINS,1.0,6.0,6.0,6.0,6.0,,4,Amigos Pro Shop,时尚配件,,,products_new_us.csv,60.0,64.0,60.0,20.0,100.0,60.0,74.8,52.0,59.2,
286,KIT,1.0,6.0,6.0,6.0,6.0,,4,Amigos Pro Shop,时尚配件,,,products_new_us.csv,60.0,64.0,60.0,20.0,100.0,60.0,74.8,52.0,59.2,
307,"925 Sterling Silver Ring, Natural Amazonite Gemstone",4.0,5.0,20.0,5.0,20.0,,4,Shop Minddha,时尚配件,,,products_new_us.csv,60.0,64.0,60.0,20.0,100.0,60.0,74.8,52.0,59.2,
308,"Gothic Skull Cross Hair Clip, Punk Style Silver Color Skull Pendant, Subculture Fashion, Daily Wear, Halloween Costume Accessory",4.19,5.0,20.95,5.0,20.95,,4,DC Goth Acc,时尚配件,,,products_new_us.csv,60.0,64.0,60.0,20.0,100.0,60.0,74.8,52.0,59.2,
325,"Cute Mini Plush Bear Keychain with Knitted Scarf, Aesthetic Keychain, Soft and Fluffy Animal Pendant, Perfect for Backpacks, Handbags, Car Keys, Girl's Gift",4.22,5.0,21.1,5.0,21.1,,4,DC Goth Acc,时尚配件,,,products_new_us.csv,60.0,64.0,60.0,20.0,100.0,60.0,74.8,52.0,59.2,
326,0818a2,1.0,5.0,5.0,5.0,5.0,,4,DAILYPEARL,时尚配件,,,products_new_us.csv,60.0,64.0,60.0,20.0,100.0,60.0,74.8,52.0,59.2,
327,Welcome to my Livstream-Lucky Price,2.0,5.0,10.0,5.0,10.0,,4,Glam Sparkle Luxe,时尚配件,,,products_new_us.csv,60.0,64.0,60.0,20.0,100.0,60.0,74.8,52.0,59.2,
348,"New Cat Eye Sunglasses, Retro Small Frame, Uv400 Protection, Casual Style, All Seasons, Plain Pattern, Elegant and Minimalist Design",3.0,4.0,12.0,4.0,12.0,,4,TAOGLASSES,时尚配件,,,products_new_us.csv,60.0,63.9,60.0,20.0,100.0,60.0,74.8,52.0,59.2,
350,"Vintage Metal Interlocking Bracelets Set, Boho Style Colorful Crystal Bracelet, Women's Daily Wear & Vacation Jewelry, Holiday Gift",3.95,4.0,15.8,4.0,15.8,,4,Ysabtst,时尚配件,,,products_new_us.csv,60.0,63.9,60.0,20.0,100.0,60.0,74.8,52.0,59.2,
362,Just For you！Seize the opportunity,3.0,4.0,12.0,4.0,12.0,,4,Glam Sparkle Luxe,时尚配件,,,products_new_us.csv,60.0,63.9,60.0,20.0,100.0,60.0,74.8,52.0,59.2,
365,Live broadcast of limited-time activities,3.0,4.0,12.0,4.0,12.0,,4,DHGILTTER,时尚配件,,,products_new_us.csv,60.0,63.9,60.0,20.0,100.0,60.0,74.8,52.0,59.2,
384,"2026 New 4-Piece Sun & Moon Ring Set, Vintage Purple Gem Stackable Rings, Gold & Silver Two-Tone Fashion Jewelry Combination, Perfect for Women's Daily Wear, Best Friend Gifts & Valentine's Day Gifts",3.31,4.0,13.24,4.0,13.24,,4,Chic Aura Glitters,时尚配件,,,products_new_us.csv,60.0,63.9,60.0,20.0,100.0,60.0,74.8,52.0,59.2,
387,"Dainty Sun & Moon Elegant Rhinestone Chain Necklace for Women, Vintage Crescent Star Pendant Choker, Available in Gold & Silver, Daily Commute Vacation Jewelry, Birthday Gift for Girlfriend & Best Friend",3.05,4.0,12.2,4.0,12.2,,4,Chic Aura Glitters,时尚配件,,,products_new_us.csv,60.0,63.9,60.0,20.0,100.0,60.0,74.8,52.0,59.2,
441,"Women's Fashion Watch Bracelet Set with Alloy Round Roman Numerals, jewelry gifts, Fashionable Bracelet Style, Valentine's Day Gift, Christmas, Birthday, Bangles Bracelets Set, Bracelet Sets, Mix Bracelets, Bracelet Bundle",4.12,2.0,8.24,2.0,8.24,,4,HE TRADE,时尚配件,,,products_new_us.csv,60.0,63.9,60.0,20.0,100.0,60.0,74.7,52.0,59.2,
461,"Lolita Style Wing Headband, Gothic Cross Angel Hair Accessory, Punk Cosplay Costume, Elegant Patchwork Design, All Seasons",4.87,2.0,9.74,2.0,9.74,,4,DC Goth Acc,时尚配件,,,products_new_us.csv,60.0,63.9,60.0,20.0,100.0,60.0,74.7,52.0,59.2,
470,A sweet and playful sparkling heart-shaped crystal halo necklace is a gorgeous accessory for girls to wear at proms and parties.,4.98,2.0,9.96,2.0,9.96,,4,STEELVIBE,时尚配件,,,products_new_us.csv,60.0,63.9,60.0,20.0,100.0,60.0,74.7,52.0,59.2,
474,"Women's 14k Body Chain, Sexy Layered Waist Belt, Waist Chains, Cross Bikini Bra Jewelry, Summer Beach Rhinestone Crystal Bead Accessory",2.55,2.0,5.1,2.0,5.1,,4,O&C Arcs,时尚配件,,,products_new_us.csv,60.0,63.9,60.0,20.0,100.0,60.0,74.7,52.0,59.2,
477,"Cute Y2K Millennial Cat Glasses, Retro Plain Frame Sunglasses, Perfect for Street Photography, Fashionable Accessory, Trendy Frames",4.92,2.0,9.84,2.0,9.84,,4,DC Goth Acc,时尚配件,,,products_new_us.csv,60.0,63.9,60.0,20.0,100.0,60.0,74.7,52.0,59.2,
478,"925 Sterling Silver, 2.5-3 Gram, Karma Circle Ring",4.0,2.0,8.0,2.0,8.0,,4,Shop Minddha,时尚配件,,,products_new_us.csv,60.0,63.9,60.0,20.0,100.0,60.0,74.7,52.0,59.2,
479,"Summer Ocean Style Dolphin 3-Piece Ring Set for Women, Blue Enamel Dolphin, Rhinestone Starfish & Wave Open Rings, Available in Gold & Silver, Fresh Stackable Rings, Dainty Stacking Rings for Beach Vacation, Small Gifts for Best Friends & Girls",4.2,2.0,8.4,2.0,8.4,,4,Chic Aura Glitters,时尚配件,,,products_new_us.csv,60.0,63.9,60.0,20.0,100.0,60.0,74.7,52.0,59.2,
483,"16pcs Women Personalized Water Drop Shaped Barrettes, Colorful Leopard & Zebra Pattern Hairpins, Cute Star Hair Clips Claw Clips, Clips For Hair, Hair Slide, Hair Claws",3.96,2.0,7.92,2.0,7.92,,4,YourBeautyAccs,时尚配件,,,products_new_us.csv,60.0,63.9,60.0,20.0,100.0,60.0,74.7,52.0,59.2,
485,"14K CADENA 22"" NO RETURNS NO CANCELACIONES",1.0,2.0,890.0,2.0,2.0,,4,ZzocaloJewelry,时尚配件,,,products_new_us.csv,60.0,63.9,60.0,20.0,100.0,60.0,74.7,52.0,59.2,
489,"Money Bracelet for Women Men with Black Onyxand Tiger's Eye - Luck Bracelet - Attract Wealth,Abundance and Prosperity Daily Wear AestheticJewelry Gift for Her Everyday Wear backtoschool",4.48,2.0,8.96,2.0,9.78,,4,Trendy Jewelry Mart,时尚配件,,,products_new_us.csv,60.0,63.9,60.0,20.0,100.0,60.0,74.7,52.0,59.2,
442,"2026 New Style Unisex Wasteland Retro Distressed Duckbill Hat, Personalized Niche Stitching Grid Pattern Forward Cap, Vintage Sunshade Casual Headwear, Ideal for Daily Wear & Street Fashion",13.88,2.0,27.76,28.0,409.7,10.0,4,BAIPENGSHOP,时尚配件,,,products_new_us.csv,100.0,40.5,50.0,20.0,100.0,60.0,58.3,63.5,58.6,价格战红海
70,Women Loose Short Sleeve Kaftan Dress Lightweight Beach Cover Up Casual Vacation Tunic Robe scarf summer,3.99,66.0,263.34,66.0,263.34,10.0,4,KK-ARS,时尚配件,,,products_new_us.csv,60.0,66.4,50.0,20.0,100.0,60.0,76.5,49.5,58.4,
368,pixie cut wig pixie wig 13x4 lace black color short curly human hair wig daily party cosplay gift use hair wig for women Party holidays gift wig Lace Curly Wigs,33.6,4.0,114.2,4.0,114.2,8.0,4,luluhairwig,时尚配件,,,products_new_us.csv,70.0,63.9,40.0,20.0,100.0,60.0,74.8,50.5,58.2,
49,"1pc Women's Lace Headband, Suitable For DailyWear, Summer Hair Accessory, Vacation BeachHeadband",4.75,90.0,427.5,126.0,598.5,,4,Shine-Spot,时尚配件,,,products_new_us.csv,60.0,60.2,60.0,20.0,100.0,60.0,72.1,52.0,58.0,
148,"14mm 14K White Gold Colour Plated Double Row Full Iced Out Cubic Zirconia Cuban Link Bracelet, Anti-Tarnish Secure Box Clasp Hip Hop Miami Wrist Jewelry",,22.0,989.78,22.0,989.78,10.0,4,jewelry678,时尚配件,,,products_new_us.csv,60.0,64.7,50.0,20.0,100.0,60.0,75.3,49.5,57.9,
242,"DOOPAI Men's 2-Pack Genuine Cow Hide Auto-Buckled Micro-Adjustable Belts, Cut-to-Fit for Workwear & Golf, Ideal Unisex Father's Day Gift",,9.0,152.91,9.0,152.91,10.0,4,DOOPAITK,时尚配件,,,products_new_us.csv,60.0,64.1,50.0,20.0,100.0,60.0,74.9,49.5,57.7,
370,"Vionas women’s high-end autumn/winter Japanese plain polyester beret — black casual vintage painter octagonal cap, faceless small retro hat; accessories for women, hats for women, fashion hats",,4.0,47.6,4.0,47.6,10.0,4,66 Fashion,时尚配件,,,products_new_us.csv,60.0,63.9,50.0,20.0,100.0,60.0,74.8,49.5,57.7,
472,"Unisex Cooling Breathable Skull Cap - Sun-Shade Neck Shield, Quick-Dry Outdoor Fashion Accessory Head Scarf",,2.0,23.98,2.0,23.98,10.0,4,Forugift,时尚配件,,,products_new_us.csv,60.0,63.9,50.0,20.0,100.0,60.0,74.7,49.5,57.7,
495,"Men's Stainless Steel Cuban Link Chain Necklace, 16""-26"" Length, 5-7mm Width, Adjustable Hypoallergenic Chain, Tarnish Resistant Silver Jewelry, Men's Accessories, Gifts for Him, Mens Gifts jewelry gift",,2.0,15.14,2.0,15.14,10.0,4,MAKE GLOW JEWELRY,时尚配件,,,products_new_us.csv,60.0,63.9,50.0,20.0,100.0,60.0,74.7,49.5,57.7,
204,"Exquisite and fashionable printed belt, suitable for both men and women. Comes with an additional gift box., Men's Accessories, Accessories For Women",37.7,12.0,452.4,229.0,8633.3,16.5,4,ZestoryCo DFE,时尚配件,,,products_new_us.csv,70.0,40.4,82.5,20.0,100.0,60.0,58.3,61.1,57.5,
281,"Men's Waterproof Automatic Mechanical Business Watch - Premium Solid Stainless Steel Band, Minimalist Round Dial, Scratch-Resistant, Solid Texture, for Business Wear",56.54,6.0,339.24,6.0,339.24,14.5,4,TeaTree Stop,时尚配件,,,products_new_us.csv,40.0,64.0,72.5,20.0,100.0,60.0,74.8,48.1,57.1,
323,Synthetic Short Bob Braided Wigs Knotless 6X6 Lace Frontal Wig Micro Box Braided Wigs For Black Women Lace Front Wig 12 Inch 12 Inch Synthetic Dreadlock Wig for Blac,41.66,5.0,208.3,5.0,208.3,6.0,4,Dosay Hair Store,时尚配件,,,products_new_us.csv,70.0,64.0,30.0,20.0,100.0,60.0,74.8,48.0,56.7,
203,"Fashion Hollow Out Flower Heart Zircon Hoop Earrings, Geometric Design, Casual Style, Suitable for Women Daily Wear, All Seasons, Fashionable Hoop Earrings, Earrings Hoops",4.1,12.0,55.68,12.0,55.68,8.0,4,Neo Spark,时尚配件,,,products_new_us.csv,60.0,64.3,40.0,20.0,100.0,60.0,75.0,47.0,56.3,
289,Sacred Heart of Jesus Necklace 18K Gold Plated Red Cubic Zirconia For Women Chritian Cross Pendant NecklaceWomen Jewelry Love Heart Necklace Charm Necklace HeartDesign Necklace,,6.0,53.94,6.0,53.94,8.0,4,KKTUFAK,时尚配件,,,products_new_us.csv,60.0,64.0,40.0,20.0,100.0,60.0,74.8,47.0,56.2,
324,"Men's Spanish carved keychain, Conduct Con Cuidado Guapo Te Amo boyfriend husband driving safe gift, stainless steel dog tag keychain, romantic Valentine's Day anniversary gift with gift bag",3.1,5.0,16.55,5.0,16.55,8.0,4,LitChiKerry,时尚配件,,,products_new_us.csv,60.0,64.0,40.0,20.0,100.0,60.0,74.8,47.0,56.2,
344,"Funny Drive Safe Car Keychain, Stainless Steel Engraved Key Ring, Perfect Gift for Boyfriend/husband, Unique and Humorous Accessory, Car Key Chains, Funny Keychains",4.3,4.0,18.76,4.0,18.76,8.0,4,FashionChain,时尚配件,,,products_new_us.csv,60.0,63.9,40.0,20.0,100.0,60.0,74.8,47.0,56.2,
69,Hats,55.0,68.0,4362.0,68.0,3740.0,,4,Crowned Hats Club,时尚配件,,,products_new_us.csv,40.0,66.5,60.0,20.0,100.0,60.0,76.5,45.0,55.9,
127,Kate Spade Sunglasses - Full Inclusion 100% Authentic Brand New! FINAL SALE (BB8.17),64.0,27.0,1906.0,27.0,1728.0,,4,The Shoe Game Co.,时尚配件,,,products_new_us.csv,40.0,64.9,60.0,20.0,100.0,60.0,75.4,45.0,55.5,
488,Afro Kinky Curly Wigs with Bangs 200% Density Brazilian Remy Human Hair Full Machine Made Wigs Short Afro Curly Wigs for Women ELEGANT RHYTHM,63.0,2.0,126.0,2.0,126.0,12.5,4,店铺销量：-,时尚配件,,,products_new_us.csv,40.0,63.9,62.5,20.0,100.0,60.0,74.7,45.6,55.5,
167,"14K CADENA 18"" NO RETURNS NO CANCELACIONES",161.0,17.0,2737.0,17.0,2737.0,,4,ZzocaloJewelry,时尚配件,,,products_new_us.csv,40.0,64.5,60.0,20.0,100.0,60.0,75.1,45.0,55.3,
269,Luxury Watch,199.0,7.0,1393.0,7.0,1393.0,,4,jacobtime,时尚配件,,,products_new_us.csv,40.0,64.1,60.0,20.0,100.0,60.0,74.8,45.0,55.2,
305,FF WIG Highlight Blue Bob Raw Human Hair Glueless Wig 10 Inches 7*5 Pre-Cut Invisible Lace 250% Density Wear Go Wig With Special Drawstring Beginner Friendly,119.0,5.0,595.0,5.0,595.0,,4,FF WIG,时尚配件,,,products_new_us.csv,40.0,64.0,60.0,20.0,100.0,60.0,74.8,45.0,55.2,
310,"Women's Fashion Jewelry Wristwatch - Rhinestone-Decorated Bezel, Mother-of-Pearl & LOVE Open-Heart Dial, 2-Tone Ceramic-Metal Band, Romantic Chic Design for Work & Special Occasions Rhinestone Decorated Watch (FengQ)",700.0,5.0,3500.0,5.0,3500.0,,4,Luxury Watch Boutique,时尚配件,,,products_new_us.csv,40.0,64.0,60.0,20.0,100.0,60.0,74.8,45.0,55.2,
409,watche-FX453 gold,299.0,3.0,897.0,3.0,897.0,,4,Fashionable Exquisite Watches,时尚配件,,,products_new_us.csv,40.0,63.9,60.0,20.0,100.0,60.0,74.7,45.0,55.2,
347,IMstyle Winnie Solid Chocolate Brown Natural Wavy Glueless Pre-plucked Natural Hairline 13*4 Lace Front Synthetic Wigs,78.5,4.0,322.6,4.0,331.2,10.0,4,IMstylenewshow,时尚配件,,,products_new_us.csv,40.0,63.9,50.0,20.0,100.0,60.0,74.8,42.5,53.7,
81,"Shark Keychains, Magnetic Heart Design, Metal Key Ring with Chain Design, Couples Accessory, Unique Fashion Pendant",2.61,50.0,130.5,535.0,1585.5,,4,Anime yina jewelry,时尚配件,,,products_new_us.csv,60.0,42.9,60.0,20.0,100.0,60.0,60.1,52.0,52.9,
129,"Maneja Con Cuidado Te Necesito Aquí Conmigo Authentic Keychain with Cross & ""I Love You"" Charm, Spanish Drive Safe Stainless Steel Keyring, Romantic Religious Gift for Him/Her Heart Keychains Adjustable Heart Rate Couples Bracelet Set",3.24,26.0,84.24,306.0,991.44,,4,Sleek Yoga Style,时尚配件,,,products_new_us.csv,60.0,41.8,60.0,20.0,100.0,60.0,59.2,52.0,52.5,
290,[Flash Live 26+16 inch Combo] 2Pcs 13x4 HD Lace Front Wigs Human Hair 26Inch Black Deep/Body/Straight +16 inch Any Texture/Color Free Combo 150% Density Pre Plucked for Black Women,,6.0,672.0,6.0,672.22,1.0,4,YCNG Hair Shop,时尚配件,,,products_new_us.csv,60.0,64.0,5.0,20.0,100.0,60.0,74.8,38.2,51.0,
425,【Hot Sale】VIPbeauty Yaki Straight Short Bob Wig 14 Inch 13x4 Lace Front Wigs Human Hair Pre Plucked Natural Hairline with Baby Hair for Black Women Daily Wear,85.0,3.0,254.79,3.0,254.79,5.0,4,VIPbeauty Hair Shop,时尚配件,,,products_new_us.csv,40.0,63.9,25.0,20.0,100.0,60.0,74.7,36.2,49.9,
